date,open,prev_close,close,vix_close,vix_prev,morning_score
2019-02-12,10879.7,10888.8,10831.4,15.75,15.84,0
2019-02-14,10786.1,10831.4,10746.05,15.77,15.75,-1
2019-02-15,10780.25,10746.05,10724.4,16.46,15.77,1
2019-02-18,10738.65,10724.4,10640.95,18.0,16.46,1
2019-02-19,10636.7,10640.95,10604.35,18.47,18.0,0
2019-02-20,10655.45,10604.35,10735.45,17.06,18.47,1
2019-02-21,10744.1,10735.45,10789.85,16.05,17.06,0
2019-02-22,10782.7,10789.85,10791.65,15.45,16.05,0
2019-02-25,10813.25,10791.65,10880.1,15.36,15.45,2
2019-02-26,10775.3,10880.1,10835.3,17.11,15.36,0
2019-02-27,10881.2,10835.3,10806.65,18.9,17.11,2
2019-02-28,10865.7,10806.65,10792.5,18.28,18.9,1
2019-03-01,10842.65,10792.5,10863.5,16.27,18.28,2
2019-03-05,10864.85,10863.5,10987.45,15.66,16.27,0
2019-03-06,11024.85,10987.45,11053.0,15.61,15.66,1
2019-03-07,11077.95,11053.0,11058.2,15.29,15.61,0
2019-03-08,11038.85,11058.2,11035.4,14.94,15.29,0
2019-03-11,11068.75,11035.4,11168.05,14.9,14.94,2
2019-03-12,11231.35,11168.05,11301.2,15.1,14.9,3
2019-03-13,11326.2,11301.2,11341.7,15.28,15.1,1
2019-03-14,11382.5,11341.7,11343.25,15.15,15.28,3
2019-03-15,11376.85,11343.25,11426.85,15.87,15.15,1
2019-03-18,11473.85,11426.85,11462.2,16.9,15.87,2
2019-03-19,11500.3,11462.2,11532.4,16.49,16.9,2
2019-03-20,11553.35,11532.4,11521.05,16.03,16.49,1
2019-03-22,11549.2,11521.05,11456.9,16.27,16.03,2
2019-03-25,11395.65,11456.9,11354.25,16.67,16.27,-1
2019-03-26,11375.2,11354.25,11483.25,16.49,16.67,0
2019-03-27,11531.45,11483.25,11445.05,17.05,16.49,2
2019-03-28,11463.65,11445.05,11570.0,16.65,17.05,1
2019-04-01,11665.2,11570.0,11669.15,18.01,16.65,2
2019-04-02,11711.55,11669.15,11713.2,18.08,18.01,2
2019-04-03,11735.3,11713.2,11643.95,18.78,18.08,0
2019-04-04,11660.2,11643.95,11598.0,18.65,18.78,-1
2019-04-05,11638.4,11598.0,11665.95,18.39,18.65,1
2019-04-08,11704.35,11665.95,11604.5,20.15,18.39,1
2019-04-09,11612.05,11604.5,11671.95,20.28,20.15,0
2019-04-10,11646.85,11671.95,11584.3,21.13,20.28,0
2019-04-11,11592.55,11584.3,11596.7,20.96,21.13,1
2019-04-12,11612.85,11596.7,11643.45,21.0,20.96,0
2019-04-15,11667.0,11643.45,11690.35,21.39,21.0,1
2019-04-16,11736.2,11690.35,11787.15,21.69,21.39,1
2019-04-18,11856.15,11787.15,11752.8,22.74,21.69,2
2019-04-22,11727.05,11752.8,11594.45,24.05,22.74,1
2019-04-23,11612.95,11594.45,11575.95,24.65,24.05,0
2019-04-24,11601.5,11575.95,11726.15,23.71,24.65,1
2019-04-25,11735.7,11726.15,11641.8,23.23,23.71,0
2019-04-26,11683.75,11641.8,11754.65,21.72,23.23,2
2019-04-30,11748.75,11754.65,11748.15,21.83,21.72,0
2019-05-02,11725.55,11748.15,11724.75,22.98,21.83,-1
2019-05-03,11722.6,11724.75,11712.25,24.03,22.98,0
2019-05-06,11605.8,11712.25,11598.25,26.43,24.03,0
2019-05-07,11651.5,11598.25,11497.9,26.48,26.43,1
2019-05-08,11478.7,11497.9,11359.45,26.37,26.48,-1
2019-05-09,11322.4,11359.45,11301.8,25.49,26.37,-1
2019-05-10,11314.15,11301.8,11278.9,26.34,25.49,0
2019-05-13,11258.7,11278.9,11148.2,27.38,26.34,-1
2019-05-14,11151.65,11148.2,11222.05,27.13,27.38,-2
2019-05-15,11271.7,11222.05,11157.0,28.66,27.13,1
2019-05-16,11180.35,11157.0,11257.1,28.37,28.66,0
2019-05-17,11261.9,11257.1,11407.15,28.08,28.37,1
2019-05-20,11651.9,11407.15,11828.25,23.68,28.08,-1
2019-05-21,11863.65,11828.25,11709.1,25.65,23.68,0
2019-05-22,11727.95,11709.1,11737.9,27.63,25.65,2
2019-05-23,11901.3,11737.9,11657.05,19.41,27.63,1
2019-05-24,11748.0,11657.05,11844.1,16.47,19.41,1
2019-05-27,11855.5,11844.1,11924.75,16.19,16.47,1
2019-05-28,11958.35,11924.75,11928.75,15.92,16.19,1
2019-05-29,11905.8,11928.75,11861.1,16.41,15.92,-1
2019-05-30,11865.3,11861.1,11945.9,15.61,16.41,-1
2019-05-31,11999.8,11945.9,11922.8,16.07,15.61,2
2019-06-03,11953.75,11922.8,12088.55,15.97,16.07,-1
2019-06-04,12052.65,12088.55,12021.65,15.63,15.97,1
2019-06-06,12039.8,12021.65,11843.75,15.53,15.63,1
2019-06-07,11865.2,11843.75,11870.65,14.86,15.53,0
2019-06-10,11934.9,11870.65,11922.7,14.98,14.86,2
2019-06-11,11959.85,11922.7,11965.6,14.49,14.98,1
2019-06-12,11962.45,11965.6,11906.2,14.12,14.49,0
2019-06-13,11873.9,11906.2,11914.05,13.66,14.12,-1
2019-06-14,11910.1,11914.05,11823.3,13.9,13.66,0
2019-06-17,11844.0,11823.3,11672.15,14.65,13.9,0
2019-06-18,11677.05,11672.15,11691.5,14.6,14.65,0
2019-06-19,11744.45,11691.5,11691.45,14.73,14.6,2
2019-06-20,11653.65,11691.45,11831.75,14.0,14.73,-1
2019-06-21,11827.6,11831.75,11724.1,14.61,14.0,1
2019-06-24,11725.8,11724.1,11699.65,15.22,14.61,0
2019-06-25,11681.0,11699.65,11796.45,15.01,15.22,0
2019-06-26,11768.15,11796.45,11847.55,14.75,15.01,0
2019-06-27,11860.85,11847.55,11841.55,14.65,14.75,0
2019-06-28,11861.15,11841.55,11788.85,14.95,14.65,0
2019-07-01,11839.9,11788.85,11865.6,14.6,14.95,2
2019-07-02,11890.3,11865.6,11910.3,14.25,14.6,1
2019-07-03,11932.15,11910.3,11916.75,13.7,14.25,0
2019-07-04,11928.8,11916.75,11946.75,13.53,13.7,1
2019-07-05,11964.75,11946.75,11811.15,13.07,13.53,1
2019-07-08,11770.4,11811.15,11558.6,13.85,13.07,-1
2019-07-09,11531.6,11558.6,11555.9,13.69,13.85,0
2019-07-10,11536.15,11555.9,11498.9,13.64,13.69,0
2019-07-11,11561.45,11498.9,11582.9,12.47,13.64,1
2019-07-12,11601.15,11582.9,11552.5,12.0,12.47,0
2019-07-15,11614.75,11552.5,11588.35,12.02,12.0,1
2019-07-16,11596.65,11588.35,11662.6,11.56,12.02,0
2019-07-17,11670.75,11662.6,11687.5,11.8,11.56,0
2019-07-18,11675.6,11687.5,11596.9,11.75,11.8,-1
2019-07-19,11627.95,11596.9,11419.25,12.52,11.75,-1
2019-07-22,11392.85,11419.25,11346.2,13.01,12.52,-1
2019-07-23,11372.25,11346.2,11331.05,13.43,13.01,-1
2019-07-24,11322.45,11331.05,11271.3,12.76,13.43,0
2019-07-25,11290.4,11271.3,11252.15,12.64,12.76,-1
2019-07-26,11247.45,11252.15,11284.3,12.13,12.64,-1
2019-07-29,11307.5,11284.3,11189.2,13.06,12.13,0
2019-07-30,11213.7,11189.2,11085.4,13.61,13.06,0
2019-07-31,11034.05,11085.4,11118.0,13.59,13.61,-1
2019-08-01,11060.2,11118.0,10980.0,14.56,13.59,-3
2019-08-02,10930.3,10980.0,10997.35,15.19,14.56,-3
2019-08-05,10895.8,10997.35,10862.6,16.59,15.19,-3
2019-08-06,10815.4,10862.6,10948.25,16.12,16.59,-3
2019-08-07,10958.1,10948.25,10855.5,16.74,16.12,0
2019-08-08,10899.2,10855.5,11032.45,16.09,16.74,1
2019-08-09,11087.9,11032.45,11109.65,15.85,16.09,2
2019-08-13,11139.4,11109.65,10925.85,17.78,15.85,-1
2019-08-14,11003.25,10925.85,11029.4,16.36,17.78,2
2019-08-16,11043.65,11029.4,11047.8,16.65,16.36,1
2019-08-19,11094.8,11047.8,11053.9,16.75,16.65,1
2019-08-20,11063.9,11053.9,11017.0,16.63,16.75,1
2019-08-21,11018.15,11017.0,10918.7,17.02,16.63,-1
2019-08-22,10905.3,10918.7,10741.35,17.85,17.02,1
2019-08-23,10699.6,10741.35,10829.35,17.35,17.85,-1
2019-08-26,11000.3,10829.35,11057.85,16.66,17.35,-1
2019-08-27,11106.55,11057.85,11105.35,16.01,16.66,2
2019-08-28,11101.3,11105.35,11046.1,16.84,16.01,0
2019-08-29,10996.05,11046.1,10948.3,16.43,16.84,0
2019-08-30,10987.8,10948.3,11023.25,16.28,16.43,2
2019-09-03,10960.95,11023.25,10797.9,18.06,16.28,0
2019-09-04,10790.4,10797.9,10844.65,17.24,18.06,-2
2019-09-05,10860.95,10844.65,10847.9,17.27,17.24,0
2019-09-06,10883.8,10847.9,10946.2,16.27,17.27,2
2019-09-09,10936.7,10946.2,11003.05,15.85,16.27,0
2019-09-11,11028.5,11003.05,11035.7,15.37,15.85,0
2019-09-12,11058.3,11035.7,10982.8,14.9,15.37,1
2019-09-13,10986.8,10982.8,11075.9,14.12,14.9,0
2019-09-16,10994.85,11075.9,11003.5,14.95,14.12,-1
2019-09-17,11000.1,11003.5,10817.6,16.02,14.95,0
2019-09-18,10872.8,10817.6,10840.65,15.35,16.02,1
2019-09-19,10845.2,10840.65,10704.8,15.55,15.35,0
2019-09-20,10746.8,10704.8,11274.2,15.4,15.55,1
2019-09-23,11542.7,11274.2,11600.2,16.79,15.4,1
2019-09-24,11590.7,11600.2,11588.2,16.73,16.79,1
2019-09-25,11564.85,11588.2,11440.2,16.17,16.73,-1
2019-09-26,11469.85,11440.2,11571.2,16.34,16.17,1
2019-09-27,11556.35,11571.2,11512.4,16.11,16.34,0
2019-09-30,11491.15,11512.4,11474.45,15.87,16.11,-1
2019-10-01,11515.4,11474.45,11359.9,16.76,15.87,2
2019-10-03,11322.25,11359.9,11314.0,17.7,16.76,-3
2019-10-04,11388.45,11314.0,11174.75,17.58,17.7,2
2019-10-07,11196.2,11174.75,11126.4,17.83,17.58,1
2019-10-09,11152.95,11126.4,11313.3,17.16,17.83,-1
2019-10-10,11280.5,11313.3,11234.55,17.23,17.16,1
2019-10-11,11257.7,11234.55,11305.05,17.14,17.23,1
2019-10-14,11335.9,11305.05,11341.15,17.43,17.14,1
2019-10-15,11360.85,11341.15,11428.3,16.85,17.43,0
2019-10-16,11464.95,11428.3,11464.0,16.36,16.85,2
2019-10-17,11466.3,11464.0,11586.35,15.88,16.36,0
2019-10-18,11580.3,11586.35,11661.85,15.93,15.88,1
2019-10-22,11657.15,11661.85,11588.35,16.81,15.93,1
2019-10-23,11596.2,11588.35,11604.1,16.54,16.81,0
2019-10-24,11661.65,11604.1,11582.6,16.24,16.54,1
2019-10-25,11646.15,11582.6,11583.9,15.32,16.24,1
2019-10-29,11643.95,11583.9,11786.85,16.42,15.32,2
2019-10-30,11883.9,11786.85,11844.1,16.66,16.42,1
2019-10-31,11890.45,11844.1,11877.45,16.28,16.66,2
2019-11-01,11886.6,11877.45,11890.6,15.73,16.28,1
2019-11-04,11928.9,11890.6,11941.3,15.93,15.73,2
2019-11-05,11974.6,11941.3,11917.2,15.92,15.93,0
2019-11-06,11911.5,11917.2,11966.05,15.78,15.92,0
2019-11-07,12021.1,11966.05,12012.05,15.21,15.78,2
2019-11-08,11987.15,12012.05,11908.15,15.86,15.21,0
2019-11-11,11879.2,11908.15,11913.45,16.25,15.86,0
2019-11-13,11908.3,11913.45,11840.45,16.46,16.25,0
2019-11-14,11858.75,11840.45,11872.1,15.65,16.46,0
2019-11-15,11904.2,11872.1,11895.45,15.03,15.65,0
2019-11-18,11915.15,11895.45,11884.5,15.76,15.03,0
2019-11-19,11919.45,11884.5,11940.1,15.41,15.76,0
2019-11-20,12004.75,11940.1,11999.1,15.16,15.41,1
2019-11-21,12025.65,11999.1,11968.4,14.98,15.16,0
2019-11-22,11967.3,11968.4,11914.4,14.87,14.98,1
2019-11-25,11922.45,11914.4,12073.75,15.0,14.87,0
2019-11-26,12110.2,12073.75,12037.7,14.84,15.0,2
2019-11-27,12068.5,12037.7,12100.7,14.62,14.84,1
2019-11-28,12132.1,12100.7,12151.15,13.99,14.62,0
2019-11-29,12146.2,12151.15,12056.05,13.9,13.99,1
2019-12-02,12137.05,12056.05,12048.2,14.2,13.9,0
2019-12-03,12067.65,12048.2,11994.2,14.56,14.2,-2
2019-12-04,11969.95,11994.2,12043.2,13.32,14.56,-2
2019-12-05,12071.25,12043.2,12018.4,14.31,13.32,1
2019-12-06,12047.35,12018.4,11921.5,13.64,14.31,0
2019-12-09,11939.1,11921.5,11937.5,14.6,13.64,1
2019-12-10,11950.5,11937.5,11856.8,14.29,14.6,0
2019-12-11,11867.35,11856.8,11910.15,13.38,14.29,0
2019-12-12,11944.3,11910.15,11971.8,13.35,13.38,0
2019-12-13,12026.4,11971.8,12086.7,13.3,13.35,2
2019-12-16,12131.35,12086.7,12053.95,13.42,13.3,1
2019-12-17,12082.45,12053.95,12165.0,12.52,13.42,1
2019-12-18,12197.0,12165.0,12221.65,12.34,12.52,1
2019-12-19,12223.4,12221.65,12259.7,12.12,12.34,1
2019-12-20,12266.45,12259.7,12271.8,12.33,12.12,0
2019-12-23,12235.45,12271.8,12262.75,11.96,12.33,0
2019-12-24,12269.25,12262.75,12214.55,11.63,11.96,1
2019-12-26,12211.85,12214.55,12126.55,11.12,11.63,0
2019-12-27,12172.9,12126.55,12245.8,10.53,11.12,2
2019-12-30,12274.9,12245.8,12255.85,11.01,10.53,0
2019-12-31,12247.1,12255.85,12168.45,11.67,11.01,-1
2020-01-03,12261.1,12282.2,12226.65,12.7,11.49,1
2020-01-06,12170.6,12226.65,11993.05,14.78,12.7,-1
2020-01-07,12079.1,11993.05,12052.95,14.61,14.78,1
2020-01-08,11939.1,12052.95,12025.35,15.64,14.61,-1
2020-01-09,12153.15,12025.35,12215.9,14.0,15.64,1
2020-01-10,12271.0,12215.9,12256.8,14.08,14.0,2
2020-01-13,12296.7,12256.8,12329.55,14.28,14.08,1
2020-01-14,12333.1,12329.55,12362.3,13.91,14.28,1
2020-01-15,12349.4,12362.3,12343.3,14.12,13.91,0
2020-01-16,12347.1,12343.3,12355.5,14.18,14.12,0
2020-01-17,12328.4,12355.5,12352.35,14.13,14.18,1
2020-01-20,12430.5,12352.35,12224.55,15.41,14.13,1
2020-01-21,12195.3,12224.55,12169.85,15.86,15.41,0
2020-01-22,12218.35,12169.85,12106.9,16.36,15.86,1
2020-01-23,12123.75,12106.9,12180.35,15.86,16.36,0
2020-01-24,12174.55,12180.35,12248.25,15.56,15.86,1
2020-01-27,12197.1,12248.25,12119.0,17.18,15.56,-2
2020-01-28,12148.1,12119.0,12055.8,17.3,17.18,-1
2020-01-29,12114.9,12055.8,12129.5,16.5,17.3,1
2020-01-30,12147.75,12129.5,12035.8,16.8,16.5,-1
2020-01-31,12100.4,12035.8,11962.1,17.37,16.8,1
2020-02-03,11627.45,11962.1,11707.9,15.78,17.37,-3
2020-02-04,11786.25,11707.9,11979.65,14.38,15.78,1
2020-02-05,12005.85,11979.65,12089.15,14.17,14.38,1
2020-02-06,12120.0,12089.15,12137.95,13.78,14.17,1
2020-02-07,12151.15,12137.95,12098.35,13.75,13.78,0
2020-02-10,12102.35,12098.35,12031.5,14.21,13.75,-1
2020-02-11,12108.4,12031.5,12107.9,13.88,14.21,2
2020-02-12,12151.0,12107.9,12201.2,13.62,13.88,1
2020-02-13,12219.55,12201.2,12174.65,13.37,13.62,1
2020-02-14,12190.15,12174.65,12113.45,13.62,13.37,1
2020-02-17,12131.8,12113.45,12045.8,14.42,13.62,0
2020-02-18,12028.25,12045.8,11992.5,14.51,14.42,0
2020-02-19,12090.6,11992.5,12125.9,14.02,14.51,1
2020-02-20,12119.0,12125.9,12080.85,13.7,14.02,0
2020-02-24,12012.55,12080.85,11829.4,17.0,13.7,-1
2020-02-25,11877.5,11829.4,11797.9,16.9,17.0,-1
2020-02-26,11738.55,11797.9,11678.5,18.26,16.9,-3
2020-02-27,11661.25,11678.5,11633.3,17.77,18.26,-1
2020-02-28,11382.0,11633.3,11201.75,23.24,17.77,-3
2020-03-02,11387.35,11201.75,11132.75,25.2,23.24,-1
2020-03-03,11217.55,11132.75,11303.3,24.54,25.2,1
2020-03-04,11351.35,11303.3,11251.0,24.23,24.54,-1
2020-03-05,11306.05,11251.0,11269.0,23.25,24.23,2
2020-03-06,10942.65,11269.0,10989.45,25.64,23.25,-3
2020-03-09,10742.05,10989.45,10451.45,30.8,25.64,-3
2020-03-11,10334.3,10451.45,10458.4,31.56,30.8,-1
2020-03-12,10039.95,10458.4,9590.15,41.16,31.56,-3
2020-03-13,9107.6,9590.15,9955.2,51.47,41.16,-3
2020-03-16,9587.8,9955.2,9197.4,58.88,51.47,-1
2020-03-17,9285.4,9197.4,8967.05,62.93,58.88,-1
2020-03-18,9088.45,8967.05,8468.8,63.96,62.93,1
2020-03-19,8063.3,8468.8,8263.45,72.2,63.96,-3
2020-03-20,8284.45,8263.45,8745.45,67.1,72.2,-1
2020-03-23,7945.7,8745.45,7610.25,71.99,67.1,-3
2020-03-24,7848.3,7610.25,7801.05,83.61,71.99,-1
2020-03-25,7735.15,7801.05,8317.85,77.63,83.61,-1
2020-03-26,8451.0,8317.85,8641.45,71.53,77.63,1
2020-03-27,8949.1,8641.45,8660.25,70.39,71.53,2
2020-03-30,8385.95,8660.25,8281.1,71.89,70.39,-2
2020-03-31,8529.35,8281.1,8597.75,64.41,71.89,1
2020-04-01,8584.1,8597.75,8253.8,60.05,64.41,-2
2020-04-03,8356.55,8253.8,8083.8,55.3,60.05,1
2020-04-07,8446.3,8083.8,8792.2,51.8,55.3,1
2020-04-08,8688.9,8792.2,8748.75,52.24,51.8,-1
2020-04-09,8973.05,8748.75,9111.9,49.75,52.24,3
2020-04-13,9103.95,9111.9,8993.85,51.46,49.75,2
2020-04-15,9196.4,8993.85,8925.3,49.74,51.46,1
2020-04-16,8851.25,8925.3,8992.8,46.1,49.74,-1
2020-04-17,9323.45,8992.8,9266.75,42.59,46.1,1
2020-04-20,9390.2,9266.75,9261.85,43.46,42.59,1
2020-04-21,9016.95,9261.85,8981.45,45.2,43.46,-2
2020-04-22,9026.75,8981.45,9187.3,42.82,45.2,-1
2020-04-23,9232.35,9187.3,9313.9,39.23,42.82,1
2020-04-24,9163.9,9313.9,9154.4,39.12,39.23,-1
2020-04-27,9259.7,9154.4,9282.3,38.04,39.12,2
2020-04-28,9389.8,9282.3,9380.9,35.35,38.04,2
2020-04-29,9408.6,9380.9,9553.35,33.84,35.35,-1
2020-04-30,9753.5,9553.35,9859.9,33.99,33.84,2
2020-05-04,9533.5,9859.9,9293.5,43.67,33.99,-1
2020-05-05,9429.4,9293.5,9205.6,43.61,43.67,0
2020-05-06,9226.8,9205.6,9270.9,41.25,43.61,0
2020-05-07,9234.05,9270.9,9199.05,39.93,41.25,-2
2020-05-08,9376.95,9199.05,9251.5,38.41,39.93,3
2020-05-11,9348.15,9251.5,9239.2,38.04,38.41,3
2020-05-12,9168.85,9239.2,9196.55,38.21,38.04,-1
2020-05-13,9584.2,9196.55,9383.55,38.84,38.21,-1
2020-05-14,9213.95,9383.55,9142.75,38.18,38.84,-2
2020-05-15,9182.4,9142.75,9136.85,38.02,38.18,1
2020-05-18,9158.3,9136.85,8823.25,40.92,38.02,-1
2020-05-19,8961.7,8823.25,8879.1,39.45,40.92,1
2020-05-20,8889.15,8879.1,9066.55,35.81,39.45,-2
2020-05-21,9079.45,9066.55,9106.25,32.99,35.81,0
2020-05-22,9067.9,9106.25,9039.25,32.38,32.99,-2
2020-05-26,9099.75,9039.25,9029.05,31.47,32.38,0
2020-05-27,9082.2,9029.05,9314.95,31.27,31.47,3
2020-05-28,9364.95,9314.95,9490.1,30.02,31.27,2
2020-05-29,9422.2,9490.1,9580.3,30.22,30.02,0
2020-06-01,9726.85,9580.3,9826.15,30.74,30.22,2
2020-06-02,9880.85,9826.15,9979.1,30.12,30.74,2
2020-06-03,10108.3,9979.1,10061.55,30.04,30.12,3
2020-06-04,10054.25,10061.55,10029.1,29.69,30.04,2
2020-06-05,10093.8,10029.1,10142.15,28.68,29.69,2
2020-06-08,10326.75,10142.15,10167.45,29.65,28.68,2
2020-06-09,10181.15,10167.45,10046.65,30.21,29.65,1
2020-06-10,10072.6,10046.65,10116.15,29.44,30.21,-1
2020-06-11,10094.1,10116.15,9902.0,29.66,29.44,-1
2020-06-12,9544.95,9902.0,9972.9,30.82,29.66,-2
2020-06-15,9919.35,9972.9,9813.7,32.58,30.82,-1
2020-06-16,10014.8,9813.7,9914.0,32.97,32.58,1
2020-06-17,9876.7,9914.0,9881.15,33.35,32.97,-1
2020-06-18,9863.25,9881.15,10091.65,31.46,33.35,0
2020-06-19,10119.0,10091.65,10244.4,29.97,31.46,0
2020-06-22,10318.75,10244.4,10311.2,30.46,29.97,1
2020-06-23,10347.95,10311.2,10471.0,29.34,30.46,2
2020-06-24,10529.25,10471.0,10305.3,29.58,29.34,1
2020-06-25,10235.55,10305.3,10288.9,29.73,29.58,-1
2020-06-26,10378.9,10288.9,10383.0,28.74,29.73,1
2020-06-29,10311.95,10383.0,10312.4,28.91,28.74,-2
2020-06-30,10382.6,10312.4,10302.1,29.12,28.91,1
2020-07-01,10323.8,10302.1,10430.05,28.12,29.12,0
2020-07-02,10493.05,10430.05,10551.7,26.51,28.12,1
2020-07-03,10614.95,10551.7,10607.35,25.77,26.51,1
2020-07-06,10723.85,10607.35,10763.65,25.2,25.77,1
2020-07-07,10802.85,10763.65,10799.65,25.1,25.2,2
2020-07-08,10818.65,10799.65,10705.75,26.1,25.1,-1
2020-07-09,10755.55,10705.75,10813.45,24.91,26.1,2
2020-07-10,10764.1,10813.45,10768.05,24.94,24.91,-2
2020-07-13,10851.85,10768.05,10802.7,25.25,24.94,1
2020-07-14,10750.85,10802.7,10607.35,26.64,25.25,-2
2020-07-15,10701.0,10607.35,10618.2,26.29,26.64,1
2020-07-16,10706.2,10618.2,10739.95,25.36,26.29,2
2020-07-17,10752.0,10739.95,10901.7,24.16,25.36,-1
2020-07-20,10999.45,10901.7,11022.2,24.71,24.16,1
2020-07-21,11126.1,11022.2,11162.25,24.43,24.71,3
2020-07-22,11231.2,11162.25,11132.6,24.89,24.43,2
2020-07-23,11135.0,11132.6,11215.45,24.64,24.89,2
2020-07-24,11149.95,11215.45,11194.15,24.54,24.64,-1
2020-07-27,11225.0,11194.15,11131.8,25.02,24.54,0
2020-07-28,11154.1,11131.8,11300.55,23.64,25.02,1
2020-07-29,11276.9,11300.55,11202.85,24.11,23.64,-1
2020-07-30,11254.3,11202.85,11102.15,24.73,24.11,2
2020-07-31,11139.5,11102.15,11073.45,24.19,24.73,1
2020-08-03,11057.55,11073.45,10891.6,25.19,24.19,1
2020-08-04,10946.65,10891.6,11095.25,23.82,25.19,3
2020-08-05,11155.75,11095.25,11101.65,23.57,23.82,1
2020-08-06,11185.7,11101.65,11200.15,23.15,23.57,2
2020-08-07,11186.65,11200.15,11214.05,22.58,23.15,1
2020-08-10,11270.25,11214.05,11270.15,22.51,22.58,1
2020-08-11,11322.25,11270.15,11322.5,21.36,22.51,1
2020-08-12,11289.0,11322.5,11308.4,20.85,21.36,0
2020-08-13,11334.85,11308.4,11300.45,20.57,20.85,1
2020-08-14,11353.3,11300.45,11178.4,21.67,20.57,1
2020-08-17,11248.9,11178.4,11247.1,21.31,21.67,1
2020-08-18,11259.8,11247.1,11385.35,20.43,21.31,0
2020-08-19,11452.15,11385.35,11408.4,19.96,20.43,2
2020-08-20,11317.45,11408.4,11312.2,20.62,19.96,-1
2020-08-21,11409.65,11312.2,11371.6,19.94,20.62,1
2020-08-24,11412.0,11371.6,11466.45,19.23,19.94,1
2020-08-25,11513.1,11466.45,11472.25,19.32,19.23,2
2020-08-26,11512.85,11472.25,11549.6,19.3,19.32,2
2020-08-27,11609.3,11549.6,11559.25,18.9,19.3,3
2020-08-28,11602.95,11559.25,11647.6,18.35,18.9,2
2020-08-31,11777.55,11647.6,11387.5,22.84,18.35,3
2020-09-01,11464.3,11387.5,11470.25,21.8,22.84,0
2020-09-02,11478.55,11470.25,11535.0,21.11,21.8,1
2020-09-03,11566.2,11535.0,11527.45,20.5,21.11,1
2020-09-04,11354.4,11527.45,11333.85,22.15,20.5,-2
2020-09-07,11359.6,11333.85,11355.05,22.01,22.15,-2
2020-09-08,11378.55,11355.05,11317.35,22.72,22.01,-1
2020-09-09,11218.6,11317.35,11278.0,22.23,22.72,-3
2020-09-10,11363.3,11278.0,11449.25,21.26,22.23,2
2020-09-11,11447.8,11449.25,11464.45,20.71,21.26,-1
2020-09-14,11540.15,11464.45,11440.05,21.19,20.71,2
2020-09-15,11487.2,11440.05,11521.8,20.6,21.19,2
2020-09-16,11538.45,11521.8,11604.55,19.66,20.6,2
2020-09-17,11539.4,11604.55,11516.1,20.1,19.66,-1
2020-09-18,11584.1,11516.1,11504.95,20.05,20.1,0
2020-09-21,11503.8,11504.95,11250.55,22.19,20.05,-1
2020-09-22,11301.75,11250.55,11153.65,21.41,22.19,0
2020-09-23,11258.75,11153.65,11131.85,20.99,21.41,1
2020-09-24,11011.0,11131.85,10805.55,23.51,20.99,-3
2020-09-25,10910.4,10805.55,11050.25,20.68,23.51,0
2020-09-28,11140.85,11050.25,11227.55,19.57,20.68,1
2020-09-29,11288.6,11227.55,11222.4,19.77,19.57,2
2020-09-30,11244.45,11222.4,11247.55,19.53,19.77,0
2020-10-01,11364.45,11247.55,11416.95,18.35,19.53,2
2020-10-05,11487.8,11416.95,11503.35,19.7,18.35,1
2020-10-06,11603.45,11503.35,11662.4,19.64,19.7,2
2020-10-07,11679.25,11662.4,11738.85,20.06,19.64,0
2020-10-08,11835.4,11738.85,11834.6,20.38,20.06,3
2020-10-09,11852.05,11834.6,11914.2,20.38,20.38,1
2020-10-12,11973.55,11914.2,11930.95,21.13,20.38,2
2020-10-13,11934.65,11930.95,11934.5,20.72,21.13,1
2020-10-14,11917.4,11934.5,11971.05,20.21,20.72,-1
2020-10-15,12023.45,11971.05,11680.35,22.06,20.21,0
2020-10-16,11727.4,11680.35,11762.45,21.65,22.06,1
2020-10-19,11879.2,11762.45,11873.05,21.82,21.65,1
2020-10-20,11861.0,11873.05,11896.8,22.69,21.82,0
2020-10-21,11958.55,11896.8,11937.65,22.92,22.69,2
2020-10-22,11890.0,11937.65,11896.45,22.64,22.92,0
2020-10-23,11957.9,11896.45,11930.35,21.83,22.64,3
2020-10-26,11937.4,11930.35,11767.75,22.83,21.83,0
2020-10-27,11807.1,11767.75,11889.4,22.2,22.83,0
2020-10-28,11922.6,11889.4,11729.6,23.28,22.2,1
2020-10-29,11633.3,11729.6,11670.8,24.02,23.28,-3
2020-10-30,11678.45,11670.8,11642.4,24.75,24.02,1
2020-11-02,11697.35,11642.4,11669.15,25.21,24.75,0
2020-11-03,11734.45,11669.15,11813.5,24.24,25.21,2
2020-11-04,11783.35,11813.5,11908.5,23.2,24.24,2
2020-11-05,12062.4,11908.5,12120.3,20.97,23.2,2
2020-11-06,12156.65,12120.3,12263.55,20.5,20.97,2
2020-11-09,12399.4,12263.55,12461.05,20.11,20.5,2
2020-11-10,12556.4,12461.05,12631.1,21.58,20.11,3
2020-11-11,12680.6,12631.1,12749.15,22.03,21.58,2
2020-11-12,12702.15,12749.15,12690.8,20.62,22.03,1
2020-11-13,12659.7,12690.8,12719.95,19.7,20.62,0
2020-11-17,12932.5,12719.95,12874.2,19.8,19.7,3
2020-11-18,12860.1,12874.2,12938.25,19.12,19.8,1
2020-11-19,12839.5,12938.25,12771.7,19.57,19.12,-1
2020-11-20,12813.4,12771.7,12859.05,19.62,19.57,2
2020-11-23,12960.3,12859.05,12926.45,20.8,19.62,1
2020-11-24,13002.6,12926.45,13055.15,21.06,20.8,3
2020-11-25,13130.0,13055.15,12858.4,23.13,21.06,3
2020-11-26,12906.45,12858.4,12987.0,20.02,23.13,1
2020-11-27,13012.05,12987.0,12968.95,19.82,20.02,1
2020-12-01,13062.2,12968.95,13109.05,20.18,19.82,2
2020-12-02,13121.4,13109.05,13113.75,19.91,20.18,2
2020-12-03,13215.3,13113.75,13133.9,19.0,19.91,1
2020-12-04,13177.4,13133.9,13258.55,18.03,19.0,2
2020-12-07,13264.85,13258.55,13355.75,18.02,18.03,2
2020-12-08,13393.85,13355.75,13392.95,18.62,18.02,1
2020-12-09,13458.1,13392.95,13529.1,18.92,18.62,2
2020-12-10,13488.5,13529.1,13478.3,18.71,18.92,-1
2020-12-11,13512.3,13478.3,13513.85,18.79,18.71,1
2020-12-14,13571.45,13513.85,13558.15,19.4,18.79,2
2020-12-15,13547.2,13558.15,13567.85,19.35,19.4,1
2020-12-16,13663.1,13567.85,13682.7,19.2,19.35,3
2020-12-17,13713.55,13682.7,13740.7,19.16,19.2,1
2020-12-18,13764.4,13740.7,13760.55,18.62,19.16,2
2020-12-21,13741.9,13760.55,13328.4,23.19,18.62,1
2020-12-22,13373.65,13328.4,13466.3,21.99,23.19,1
2020-12-23,13473.5,13466.3,13601.1,20.5,21.99,1
2020-12-24,13672.15,13601.1,13749.25,19.97,20.5,1
2020-12-28,13815.15,13749.25,13873.2,20.43,19.97,2
2020-12-29,13910.35,13873.2,13932.6,20.79,20.43,2
2020-12-30,13980.9,13932.6,13981.95,21.11,20.79,2
2020-12-31,13970.0,13981.95,13981.75,21.1,21.11,1
2021-01-05,14075.15,14132.9,14199.5,20.46,20.03,-1
2021-01-06,14240.95,14199.5,14146.25,21.0,20.46,1
2021-01-07,14253.75,14146.25,14137.35,20.62,21.0,2
2021-01-08,14258.4,14137.35,14347.25,20.64,20.62,2
2021-01-11,14474.05,14347.25,14484.75,22.38,20.64,3
2021-01-12,14473.8,14484.75,14563.45,22.85,22.38,0
2021-01-13,14639.8,14563.45,14564.85,23.29,22.85,1
2021-01-14,14550.05,14564.85,14595.6,23.03,23.29,1
2021-01-15,14594.35,14595.6,14433.7,24.01,23.03,1
2021-01-18,14453.3,14433.7,14281.3,24.4,24.01,-1
2021-01-19,14371.65,14281.3,14521.15,22.9,24.4,0
2021-01-20,14538.3,14521.15,14644.7,21.55,22.9,1
2021-01-21,14730.95,14644.7,14590.35,22.18,21.55,3
2021-01-27,14237.95,14238.9,13967.5,24.39,23.25,0
2021-01-28,13810.4,13967.5,13817.55,24.29,24.39,-3
2021-01-29,13946.6,13817.55,13634.6,25.34,24.29,1
2021-02-01,13758.6,13634.6,14281.2,23.32,25.34,-1
2021-02-02,14481.1,14281.2,14647.85,23.35,23.32,3
2021-02-03,14754.9,14647.85,14789.95,23.75,23.35,3
2021-02-04,14789.05,14789.95,14895.65,23.12,23.75,1
2021-02-05,14952.6,14895.65,14924.25,23.42,23.12,3
2021-02-08,15064.3,14924.25,15115.8,23.96,23.42,2
2021-02-09,15164.15,15115.8,15109.3,24.27,23.96,3
2021-02-10,15119.05,15109.3,15106.5,23.95,24.27,1
2021-02-11,15073.25,15106.5,15173.3,23.05,23.95,1
2021-02-12,15186.2,15173.3,15163.3,22.04,23.05,0
2021-02-19,15074.8,15118.95,14981.75,22.25,21.54,0
2021-02-22,14999.05,14981.75,14675.7,25.47,22.25,0
2021-02-23,14782.25,14675.7,14707.8,25.23,25.47,0
2021-02-24,14729.15,14707.8,14982.0,24.17,25.23,-1
2021-02-25,15079.85,14982.0,15097.35,22.89,24.17,3
2021-02-26,14888.6,15097.35,14529.15,28.14,22.89,-2
2021-03-01,14702.5,14529.15,14761.55,25.63,28.14,0
2021-03-02,14865.3,14761.55,14919.1,23.61,25.63,2
2021-03-03,15064.4,14919.1,15245.6,22.09,23.61,1
2021-03-04,15026.75,15245.6,15080.75,24.15,22.09,-1
2021-03-05,14977.95,15080.75,14938.1,25.56,24.15,-2
2021-03-08,15002.45,14938.1,14956.2,24.68,25.56,1
2021-03-09,15049.9,14956.2,15098.4,22.5,24.68,-1
2021-03-10,15202.15,15098.4,15174.8,20.75,22.5,3
2021-03-12,15321.15,15174.8,15030.95,21.71,20.75,2
2021-03-15,15048.4,15030.95,14929.5,21.23,21.71,0
2021-03-16,14996.1,14929.5,14910.45,20.19,21.23,1
2021-03-17,14946.55,14910.45,14721.3,20.16,20.19,1
2021-03-18,14855.5,14721.3,14557.85,20.08,20.16,2
2021-03-19,14471.15,14557.85,14744.0,19.99,20.08,-1
2021-03-22,14736.3,14744.0,14736.4,20.49,19.99,1
2021-03-23,14768.55,14736.4,14814.75,20.67,20.49,1
2021-03-24,14712.45,14814.75,14549.4,22.46,20.67,-2
2021-03-25,14570.9,14549.4,14324.9,22.7,22.46,-2
2021-03-26,14506.3,14324.9,14507.3,20.65,22.7,1
2021-03-30,14628.5,14507.3,14845.1,20.49,20.65,1
2021-03-31,14811.85,14845.1,14690.7,20.65,20.49,0
2021-04-01,14798.4,14690.7,14867.35,19.99,20.65,0
2021-04-05,14837.7,14867.35,14637.8,21.22,19.99,1
2021-04-06,14737.0,14637.8,14683.5,20.84,21.22,2
2021-04-07,14716.45,14683.5,14819.05,20.25,20.84,-1
2021-04-08,14875.65,14819.05,14873.8,20.31,20.25,1
2021-04-09,14882.65,14873.8,14834.85,19.79,20.31,0
2021-04-12,14644.65,14834.85,14310.8,23.0,19.79,0
2021-04-13,14364.9,14310.8,14504.8,20.46,23.0,0
2021-04-15,14522.4,14504.8,14581.45,20.89,20.46,0
2021-04-16,14599.6,14581.45,14617.85,20.4,20.89,1
2021-04-19,14306.6,14617.85,14359.45,22.49,20.4,-1
2021-04-20,14526.7,14359.45,14296.4,22.43,22.49,-1
2021-04-22,14219.15,14296.4,14406.15,23.03,22.43,-1
2021-04-23,14326.35,14406.15,14341.35,22.69,23.03,-2
2021-04-26,14449.45,14341.35,14485.0,23.5,22.69,1
2021-04-27,14493.8,14485.0,14653.05,23.08,23.5,-1
2021-04-28,14710.5,14653.05,14864.55,22.58,23.08,0
2021-04-29,14979.0,14864.55,14894.9,23.31,22.58,1
2021-04-30,14747.35,14894.9,14631.1,23.03,23.31,0
2021-05-03,14481.05,14631.1,14634.15,23.69,23.03,-3
2021-05-04,14687.25,14634.15,14496.5,23.01,23.69,0
2021-05-07,14816.85,14724.8,14823.15,20.82,22.04,3
2021-05-10,14928.25,14823.15,14942.35,20.23,20.82,1
2021-05-14,14749.4,14696.5,14677.8,20.27,20.08,1
2021-05-17,14756.25,14677.8,14923.15,19.61,20.27,1
2021-05-18,15067.2,14923.15,15108.1,19.24,19.61,0
2021-05-19,15058.6,15108.1,15030.15,19.32,19.24,-2
2021-05-24,15211.35,15175.3,15197.7,19.13,19.08,0
2021-05-27,15323.95,15301.45,15337.85,19.91,20.87,0
2021-05-28,15421.2,15337.85,15435.65,17.4,19.91,1
2021-06-02,15520.35,15574.85,15576.2,17.21,17.39,-1
2021-06-03,15655.55,15576.2,15690.35,15.75,17.21,1
2021-06-04,15712.5,15690.35,15670.25,15.94,15.75,1
2021-06-07,15725.1,15670.25,15751.65,15.57,15.94,3
2021-06-08,15773.9,15751.65,15740.1,15.23,15.57,0
2021-06-09,15766.3,15740.1,15635.35,14.75,15.23,1
2021-06-10,15692.1,15635.35,15737.75,15.0,14.75,1
2021-06-11,15796.45,15737.75,15799.35,14.1,15.0,2
2021-06-14,15791.4,15799.35,15811.85,14.72,14.1,0
2021-06-15,15866.95,15811.85,15869.25,14.61,14.72,1
2021-06-16,15847.5,15869.25,15767.55,14.87,14.61,0
2021-06-17,15648.3,15767.55,15691.4,15.29,14.87,-2
2021-06-18,15756.5,15691.4,15683.35,14.8,15.29,1
2021-06-21,15525.85,15683.35,15746.5,15.06,14.8,-1
2021-06-22,15840.5,15746.5,15772.75,14.74,15.06,1
2021-06-23,15862.8,15772.75,15686.95,15.37,14.74,1
2021-06-24,15737.3,15686.95,15790.45,15.1,15.37,2
2021-06-25,15839.35,15790.45,15860.35,13.37,15.1,1
2021-06-28,15915.35,15860.35,15814.7,13.4,13.37,1
2021-06-29,15807.5,15814.7,15748.45,13.0,13.4,-1
2021-06-30,15776.9,15748.45,15721.5,13.05,13.0,0
2021-07-01,15755.05,15721.5,15680.0,12.84,13.05,-1
2021-07-02,15705.85,15680.0,15722.2,12.09,12.84,0
2021-07-07,15819.6,15818.25,15879.65,12.21,12.28,0
2021-07-08,15855.4,15879.65,15727.9,13.56,12.21,0
2021-07-09,15688.25,15727.9,15689.8,12.94,13.56,-1
2021-07-12,15766.8,15689.8,15692.6,12.99,12.94,1
2021-07-13,15794.0,15692.6,15812.35,12.62,12.99,1
2021-07-14,15808.7,15812.35,15853.95,12.59,12.62,0
2021-07-15,15872.15,15853.95,15924.2,12.27,12.59,-1
2021-07-16,15958.35,15924.2,15923.4,11.71,12.27,0
2021-07-19,15754.5,15923.4,15752.4,12.68,11.71,-2
2021-07-20,15703.95,15752.4,15632.1,13.21,12.68,-3
2021-07-22,15736.6,15632.1,15824.05,11.89,13.21,1
2021-07-23,15856.8,15824.05,15856.05,11.76,11.89,0
2021-07-26,15849.3,15856.05,15824.45,12.45,11.76,1
2021-07-27,15860.5,15824.45,15746.45,13.23,12.45,-1
2021-07-28,15761.55,15746.45,15709.4,13.69,13.23,-1
2021-07-29,15762.7,15709.4,15778.45,12.95,13.69,0
2021-07-30,15800.6,15778.45,15763.05,12.8,12.95,0
2021-08-02,15874.9,15763.05,15885.15,12.81,12.8,-1
2021-08-03,15951.55,15885.15,16130.75,13.75,12.81,0
2021-08-04,16195.25,16130.75,16258.8,13.21,13.75,3
2021-08-05,16288.95,16258.8,16294.6,12.87,13.21,1
2021-08-06,16304.4,16294.6,16238.2,12.61,12.87,1
2021-08-09,16281.35,16238.2,16258.25,12.61,12.61,0
2021-08-10,16274.8,16258.25,16280.1,12.71,12.61,0
2021-08-11,16327.3,16280.1,16282.25,12.71,12.71,0
2021-08-12,16303.65,16282.25,16364.4,12.37,12.71,0
2021-08-13,16385.7,16364.4,16529.1,12.99,12.37,0
2021-08-16,16518.4,16529.1,16563.05,13.46,12.99,0
2021-08-17,16545.25,16563.05,16614.6,13.41,13.46,-1
2021-08-18,16691.95,16614.6,16568.85,12.91,13.41,0
2021-08-20,16382.5,16568.85,16450.5,14.02,12.91,-1
2021-08-23,16592.25,16450.5,16496.45,13.69,14.02,1
2021-08-24,16561.4,16496.45,16624.6,13.19,13.69,1
2021-08-25,16654.0,16624.6,16634.65,13.5,13.19,-1
2021-08-26,16627.95,16634.65,16636.9,13.54,13.5,-1
2021-08-27,16642.55,16636.9,16705.2,13.41,13.54,-2
2021-08-30,16775.85,16705.2,16931.05,13.32,13.41,2
2021-08-31,16947.5,16931.05,17132.2,14.52,13.32,1
2021-09-01,17185.6,17132.2,17076.25,14.19,14.52,2
2021-09-02,17095.4,17076.25,17234.15,14.24,14.19,0
2021-09-03,17262.45,17234.15,17323.6,14.54,14.24,0
2021-09-06,17399.35,17323.6,17377.8,15.11,14.54,1
2021-09-07,17401.55,17377.8,17362.1,14.9,15.11,0
2021-09-08,17375.75,17362.1,17353.5,14.41,14.9,0
2021-09-09,17312.85,17353.5,17369.25,13.94,14.41,0
2021-09-13,17363.55,17369.25,17355.3,14.03,13.94,-1
2021-09-14,17420.35,17355.3,17380.0,13.58,14.03,2
2021-09-15,17387.65,17380.0,17519.45,13.73,13.58,0
2021-09-16,17539.2,17519.45,17629.5,14.41,13.73,1
2021-09-17,17709.65,17629.5,17585.15,15.23,14.41,2
2021-09-20,17443.85,17585.15,17396.9,17.49,15.23,-1
2021-09-21,17450.5,17396.9,17562.0,16.52,17.49,0
2021-09-22,17580.9,17562.0,17546.65,16.49,16.52,1
2021-09-23,17670.85,17546.65,17822.95,16.6,16.49,1
2021-09-24,17897.45,17822.95,17853.2,16.92,16.6,2
2021-09-27,17932.2,17853.2,17855.1,18.05,16.92,1
2021-09-28,17906.45,17855.1,17748.6,18.54,18.05,0
2021-09-29,17657.95,17748.6,17711.3,18.84,18.54,-3
2021-09-30,17718.9,17711.3,17618.15,18.4,18.84,-1
2021-10-01,17531.9,17618.15,17532.05,17.21,18.4,-3
2021-10-04,17615.55,17532.05,17691.25,16.74,17.21,2
2021-10-05,17661.35,17691.25,17822.3,16.4,16.74,-1
2021-10-06,17861.5,17822.3,17646.0,17.33,16.4,0
2021-10-07,17810.55,17646.0,17790.35,16.16,17.33,1
2021-10-08,17886.85,17790.35,17895.2,15.65,16.16,1
2021-10-11,17867.55,17895.2,17945.95,16.09,15.65,0
2021-10-12,17915.8,17945.95,17991.95,15.85,16.09,-2
2021-10-13,18097.85,17991.95,18161.75,16.1,15.85,1
2021-10-14,18272.85,18161.75,18338.55,15.77,16.1,1
2021-10-18,18500.1,18338.55,18477.05,17.18,15.77,3
2021-10-19,18602.35,18477.05,18418.75,17.38,17.18,1
2021-10-20,18439.9,18418.75,18266.6,18.31,17.38,1
2021-10-21,18382.7,18266.6,18178.1,18.04,18.31,0
2021-10-22,18230.7,18178.1,18114.9,17.55,18.04,-1
2021-10-25,18229.5,18114.9,18125.4,17.61,17.55,0
2021-10-26,18154.5,18125.4,18268.4,16.75,17.61,-1
2021-10-27,18295.85,18268.4,18210.95,16.83,16.75,-1
2021-10-28,18187.65,18210.95,17857.25,17.91,16.83,-2
2021-10-29,17833.05,17857.25,17671.65,17.43,17.91,0
2021-11-01,17783.15,17671.65,17929.65,17.24,17.43,0
2021-11-02,17970.9,17929.65,17888.95,17.06,17.24,0
2021-11-03,17947.95,17888.95,17829.2,16.13,17.06,1
2021-11-04,17935.05,17829.2,17916.8,15.75,16.13,2
2021-11-08,18040.2,17916.8,18068.55,16.34,15.75,1
2021-11-09,18084.35,18068.55,18044.25,16.0,16.34,0
2021-11-10,17973.45,18044.25,18017.2,16.31,16.0,-2
2021-11-11,17967.45,18017.2,17873.6,16.35,16.31,-1
2021-11-12,17977.6,17873.6,18102.75,15.22,16.35,0
2021-11-15,18140.95,18102.75,18109.45,15.47,15.22,1
2021-11-16,18127.05,18109.45,17999.2,15.2,15.47,0
2021-11-17,17939.35,17999.2,17898.65,14.98,15.2,-1
2021-11-18,17890.55,17898.65,17764.8,14.86,14.98,0
2021-11-22,17796.25,17764.8,17416.55,17.52,14.86,-1
2021-11-23,17281.75,17416.55,17503.35,18.02,17.52,-2
2021-11-24,17550.05,17503.35,17415.05,17.1,18.02,-1
2021-11-25,17417.3,17415.05,17536.25,16.66,17.1,-1
2021-11-26,17338.75,17536.25,17026.45,20.8,16.66,-2
2021-11-29,17055.8,17026.45,17053.95,20.83,20.8,-2
2021-11-30,17051.15,17053.95,16983.2,21.17,20.83,0
2021-12-01,17104.4,16983.2,17166.9,19.45,21.17,-1
2021-12-02,17183.2,17166.9,17401.65,18.09,19.45,-2
2021-12-03,17424.9,17401.65,17196.7,18.45,18.09,1
2021-12-06,17209.05,17196.7,16912.25,20.08,18.45,-2
2021-12-07,17044.1,16912.25,17176.7,18.46,20.08,1
2021-12-08,17315.25,17176.7,17469.75,17.27,18.46,1
2021-12-09,17524.4,17469.75,17516.85,16.6,17.27,1
2021-12-10,17476.05,17516.85,17511.3,16.06,16.6,-2
2021-12-13,17619.1,17511.3,17368.25,16.57,16.06,1
2021-12-14,17283.2,17368.25,17324.9,16.95,16.57,-3
2021-12-15,17323.65,17324.9,17221.4,17.22,16.95,-1
2021-12-16,17373.0,17221.4,17248.4,15.9,17.22,1
2021-12-17,17276.0,17248.4,16985.2,16.34,15.9,-2
2021-12-20,16824.25,16985.2,16614.2,18.97,16.34,-3
2021-12-21,16773.15,16614.2,16770.85,17.54,18.97,-1
2021-12-22,16865.55,16770.85,16955.45,16.58,17.54,1
2021-12-23,17066.8,16955.45,17072.6,15.83,16.58,2
2021-12-24,17149.5,17072.6,17003.75,16.15,15.83,2
2021-12-27,16937.75,17003.75,17086.25,17.12,16.15,0
2021-12-28,17177.6,17086.25,17233.25,16.48,17.12,1
2021-12-29,17220.1,17233.25,17213.6,16.24,16.48,0
2021-12-30,17201.45,17213.6,17203.95,16.57,16.24,0
2021-12-31,17244.5,17203.95,17354.05,16.22,16.57,0
2022-01-03,17387.15,17354.05,17625.7,16.45,16.22,0
2022-01-04,17681.4,17625.7,17805.25,16.12,16.45,2
2022-01-05,17820.1,17805.25,17925.25,17.23,16.12,1
2022-01-06,17768.5,17925.25,17745.9,17.98,17.23,-2
2022-01-07,17797.6,17745.9,17812.7,17.6,17.98,-1
2022-01-10,17913.3,17812.7,18003.3,17.68,17.6,1
2022-01-11,17997.75,18003.3,18055.75,17.76,17.68,0
2022-01-12,18170.4,18055.75,18212.35,17.18,17.76,2
2022-01-13,18257.0,18212.35,18257.8,16.7,17.18,-1
2022-01-14,18185.0,18257.8,18255.75,16.56,16.7,-3
2022-01-17,18235.65,18255.75,18308.1,16.77,16.56,-1
2022-01-18,18337.2,18308.1,18113.05,17.78,16.77,0
2022-01-19,18129.2,18113.05,17938.4,17.82,17.78,-2
2022-01-20,17921.0,17938.4,17757.0,17.79,17.82,-2
2022-01-21,17613.7,17757.0,17617.15,18.89,17.79,-3
2022-01-24,17575.15,17617.15,17149.1,22.83,18.89,-2
2022-01-25,17001.55,17149.1,17277.95,21.36,22.83,-2
2022-01-27,17062.0,17277.95,17110.15,21.07,21.36,-2
2022-01-28,17208.3,17110.15,17101.95,20.7,21.07,-1
2022-01-31,17301.05,17101.95,17339.85,21.95,20.7,1
2022-02-01,17529.45,17339.85,17576.85,19.98,21.95,1
2022-02-02,17706.2,17576.85,17780.0,18.65,19.98,2
2022-02-03,17767.75,17780.0,17560.2,19.16,18.65,1
2022-02-04,17590.2,17560.2,17516.3,18.9,19.16,-2
2022-02-07,17456.3,17516.3,17213.6,20.44,18.9,-1
2022-02-08,17279.85,17213.6,17266.75,19.68,20.44,0
2022-02-09,17370.1,17266.75,17463.8,18.56,19.68,1
2022-02-10,17554.1,17463.8,17605.85,17.71,18.56,2
2022-02-11,17451.0,17605.85,17374.75,18.68,17.71,-3
2022-02-14,17076.15,17374.75,16842.8,22.98,18.68,-2
2022-02-15,16933.25,16842.8,17352.45,20.61,22.98,0
2022-02-16,17408.45,17352.45,17322.2,20.59,20.61,1
2022-02-17,17396.55,17322.2,17304.6,22.01,20.59,0
2022-02-18,17236.05,17304.6,17276.3,22.17,22.01,-3
2022-02-21,17192.25,17276.3,17206.65,22.9,22.17,-3
2022-02-22,16847.95,17206.65,17092.2,26.66,22.9,-3
2022-02-23,17194.5,17092.2,17063.25,24.54,26.66,-1
2022-02-24,16548.9,17063.25,16247.95,31.98,24.54,-3
2022-02-25,16515.65,16247.95,16658.4,26.74,31.98,1
2022-02-28,16481.6,16658.4,16793.9,28.57,26.74,-1
2022-03-02,16593.1,16793.9,16605.95,29.23,28.57,-3
2022-03-03,16723.2,16605.95,16498.05,28.16,29.23,1
2022-03-04,16339.45,16498.05,16245.35,27.96,28.16,-3
2022-03-07,15867.95,16245.35,15863.15,29.33,27.96,-3
2022-03-08,15747.75,15863.15,16013.45,28.59,29.33,-3
2022-03-09,16078.0,16013.45,16345.35,27.47,28.59,-1
2022-03-10,16757.1,16345.35,16594.9,25.58,27.47,1
2022-03-11,16528.8,16594.9,16630.45,25.35,25.58,-2
2022-03-14,16633.7,16630.45,16871.3,25.68,25.35,-2
2022-03-15,16900.65,16871.3,16663.0,26.73,25.68,-1
2022-03-16,16876.65,16663.0,16975.35,24.12,26.73,1
2022-03-17,17202.9,16975.35,17287.05,22.61,24.12,2
2022-03-21,17329.5,17287.05,17117.6,24.62,22.61,2
2022-03-22,17120.4,17117.6,17315.5,24.07,24.62,-1
2022-03-23,17405.05,17315.5,17245.65,24.75,24.07,2
2022-03-24,17094.95,17245.65,17222.75,23.93,24.75,-2
2022-03-25,17289.0,17222.75,17153.0,23.43,23.93,1
2022-03-28,17181.85,17153.0,17222.0,22.61,23.43,0
2022-03-29,17297.2,17222.0,17325.3,21.3,22.61,2
2022-03-30,17468.15,17325.3,17498.25,20.61,21.3,2
2022-03-31,17519.2,17498.25,17464.75,20.56,20.61,0
2022-04-01,17436.9,17464.75,17670.45,18.43,20.56,0
2022-04-04,17809.1,17670.45,18053.4,17.91,18.43,2
2022-04-05,18080.6,18053.4,17957.4,18.49,17.91,2
2022-04-06,17842.75,17957.4,17807.65,19.02,18.49,-2
2022-04-07,17723.3,17807.65,17639.55,19.0,19.02,-3
2022-04-08,17698.15,17639.55,17784.35,17.69,19.0,0
2022-04-11,17740.9,17784.35,17674.95,18.27,17.69,0
2022-04-12,17584.85,17674.95,17530.3,18.16,18.27,-3
2022-04-13,17599.9,17530.3,17475.65,17.79,18.16,0
2022-04-18,17183.45,17475.65,17173.65,19.34,17.79,-3
2022-04-19,17258.95,17173.65,16958.65,19.77,19.34,0
2022-04-20,17045.25,16958.65,17136.55,18.67,19.77,1
2022-04-21,17234.6,17136.55,17392.6,17.85,18.67,0
2022-04-22,17242.75,17392.6,17171.95,18.35,17.85,-2
2022-04-25,17009.05,17171.95,16953.95,21.26,18.35,-3
2022-04-26,17121.3,16953.95,17200.8,19.19,21.26,1
2022-04-27,17073.35,17200.8,17038.4,20.61,19.19,-3
2022-04-28,17189.5,17038.4,17245.05,19.38,20.61,0
2022-04-29,17329.25,17245.05,17102.55,19.42,19.38,2
2022-05-02,16924.45,17102.55,17069.1,20.28,19.42,-3
2022-05-04,17096.6,17069.1,16677.6,21.88,20.28,-1
2022-05-05,16854.75,16677.6,16682.65,20.29,21.88,1
2022-05-06,16415.55,16682.65,16411.25,21.25,20.29,-3
2022-05-09,16227.7,16411.25,16301.85,22.03,21.25,-3
2022-05-10,16248.9,16301.85,16240.05,22.3,22.03,-3
2022-05-11,16270.05,16240.05,16167.1,22.8,22.3,-1
2022-05-12,16021.1,16167.1,15808.0,24.27,22.8,-3
2022-05-13,15977.0,15808.0,15782.15,23.49,24.27,0
2022-05-16,15845.1,15782.15,15842.3,24.53,23.49,1
2022-05-17,15912.6,15842.3,16259.3,22.74,24.53,0
2022-05-18,16318.15,16259.3,16240.3,22.3,22.74,1
2022-05-19,15917.4,16240.3,15809.4,24.56,22.3,-3
2022-05-20,16043.8,15809.4,16266.15,23.1,24.56,-1
2022-05-23,16290.95,16266.15,16214.7,23.4,23.1,-1
2022-05-24,16225.55,16214.7,16125.15,25.64,23.4,0
2022-05-25,16196.35,16125.15,16025.8,25.28,25.64,-1
2022-05-26,16105.0,16025.8,16170.15,22.72,25.28,1
2022-05-27,16296.6,16170.15,16352.45,21.48,22.72,1
2022-05-30,16527.9,16352.45,16661.4,19.98,21.48,1
2022-05-31,16578.45,16661.4,16584.55,20.48,19.98,0
2022-06-01,16594.4,16584.55,16522.75,20.85,20.48,-2
2022-06-02,16481.65,16522.75,16628.0,20.32,20.85,-2
2022-06-03,16761.65,16628.0,16584.3,19.98,20.32,2
2022-06-06,16530.7,16584.3,16569.55,20.2,19.98,-3
2022-06-07,16469.6,16569.55,16416.35,20.43,20.2,-2
2022-06-08,16474.95,16416.35,16356.25,19.84,20.43,1
2022-06-09,16263.85,16356.25,16478.1,19.14,19.84,-3
2022-06-10,16283.95,16478.1,16201.8,19.58,19.14,-3
2022-06-13,15877.55,16201.8,15774.4,22.37,19.58,-3
2022-06-14,15674.25,15774.4,15732.1,21.89,22.37,-3
2022-06-15,15729.25,15732.1,15692.15,22.15,21.89,-1
2022-06-16,15832.25,15692.15,15360.6,22.87,22.15,1
2022-06-17,15272.65,15360.6,15293.5,22.76,22.87,-3
2022-06-20,15334.5,15293.5,15350.15,22.41,22.76,-1
2022-06-21,15455.95,15350.15,15638.8,21.14,22.41,0
2022-06-22,15545.65,15638.8,15413.3,21.3,21.14,-1
2022-06-23,15451.55,15413.3,15556.65,20.88,21.3,-1
2022-06-24,15657.4,15556.65,15699.25,20.55,20.88,1
2022-06-27,15926.2,15699.25,15832.05,21.01,20.55,1
2022-06-28,15757.45,15832.05,15850.2,21.45,21.01,-2
2022-06-29,15701.7,15850.2,15799.1,21.9,21.45,-3
2022-06-30,15774.5,15799.1,15780.25,21.84,21.9,0
2022-07-01,15703.7,15780.25,15752.05,21.25,21.84,-3
2022-07-04,15710.5,15752.05,15835.35,20.97,21.25,0
2022-07-05,15909.15,15835.35,15810.85,20.79,20.97,1
2022-07-06,15818.2,15810.85,15989.8,20.27,20.79,1
2022-07-07,16113.75,15989.8,16132.9,19.2,20.27,1
2022-07-08,16273.65,16132.9,16220.6,18.4,19.2,2
2022-07-11,16136.15,16220.6,16216.0,18.37,18.4,-1
2022-07-12,16126.2,16216.0,16058.3,18.55,18.37,-2
2022-07-13,16128.2,16058.3,15966.65,18.52,18.55,-1
2022-07-14,16018.85,15966.65,15938.65,18.34,18.52,0
2022-07-15,16010.8,15938.65,16049.2,17.6,18.34,1
2022-07-18,16151.4,16049.2,16278.5,17.16,17.6,1
2022-07-19,16187.05,16278.5,16340.55,17.2,17.16,-2
2022-07-20,16562.8,16340.55,16520.85,16.82,17.2,2
2022-07-21,16523.55,16520.85,16605.25,16.86,16.82,2
2022-07-22,16661.25,16605.25,16719.45,16.65,16.86,3
2022-07-25,16662.55,16719.45,16631.0,17.68,16.65,-2
2022-07-26,16632.9,16631.0,16483.85,18.17,17.68,0
2022-07-27,16475.35,16483.85,16641.8,18.13,18.17,-2
2022-07-28,16774.85,16641.8,16929.6,17.01,18.13,2
2022-07-29,17079.5,16929.6,17158.25,16.55,17.01,3
2022-08-01,17243.2,17158.25,17340.05,17.49,16.55,3
2022-08-02,17310.15,17340.05,17345.45,18.53,17.49,1
2022-08-03,17349.25,17345.45,17388.15,18.45,18.53,-1
2022-08-04,17463.1,17388.15,17382.0,19.26,18.45,2
2022-08-05,17423.65,17382.0,17397.5,18.92,19.26,1
2022-08-08,17401.5,17397.5,17525.1,19.3,18.92,1
2022-08-10,17566.1,17525.1,17534.75,19.59,19.3,1
2022-08-11,17711.65,17534.75,17659.0,18.36,19.59,3
2022-08-12,17659.65,17659.0,17698.15,17.61,18.36,1
2022-08-16,17797.2,17698.15,17825.25,17.68,17.61,2
2022-08-17,17868.15,17825.25,17944.25,17.68,17.68,1
2022-08-18,17898.65,17944.25,17956.5,17.35,17.68,0
2022-08-19,17966.55,17956.5,17758.45,18.29,17.35,-1
2022-08-22,17682.9,17758.45,17490.7,19.04,18.29,-1
2022-08-23,17357.35,17490.7,17577.5,19.05,19.04,-2
2022-08-24,17525.45,17577.5,17604.95,18.43,19.05,0
2022-08-25,17679.0,17604.95,17522.45,19.57,18.43,1
2022-08-26,17619.3,17522.45,17558.9,18.22,19.57,2
2022-08-29,17188.65,17558.9,17312.9,19.82,18.22,-2
2022-08-30,17414.95,17312.9,17759.3,18.7,19.82,0
2022-09-01,17485.7,17759.3,17542.8,19.87,18.7,-1
2022-09-02,17598.4,17542.8,17539.45,19.55,19.87,0
2022-09-05,17546.45,17539.45,17665.8,19.66,19.55,-1
2022-09-06,17695.7,17665.8,17655.6,19.52,19.66,-1
2022-09-07,17519.4,17655.6,17624.4,19.37,19.52,0
2022-09-08,17748.15,17624.4,17798.75,18.31,19.37,2
2022-09-09,17923.35,17798.75,17833.35,17.72,18.31,3
2022-09-12,17890.85,17833.35,17936.35,17.94,17.72,3
2022-09-13,18044.45,17936.35,18070.05,17.47,17.94,3
2022-09-14,17771.15,18070.05,18003.75,18.28,17.47,-1
2022-09-15,18046.35,18003.75,17877.4,18.39,18.28,-1
2022-09-16,17796.8,17877.4,17530.85,19.82,18.39,-3
2022-09-19,17540.65,17530.85,17622.25,19.94,19.82,-2
2022-09-20,17770.4,17622.25,17816.25,18.8,19.94,2
2022-09-21,17766.35,17816.25,17718.35,19.33,18.8,0
2022-09-22,17609.65,17718.35,17629.8,18.82,19.33,-2
2022-09-23,17593.85,17629.8,17327.35,20.59,18.82,-2
2022-09-26,17156.3,17327.35,17016.3,21.89,20.59,-3
2022-09-27,17110.9,17016.3,17007.4,21.57,21.89,-1
2022-09-28,16870.55,17007.4,16858.6,22.1,21.57,-2
2022-09-29,16993.6,16858.6,16818.1,21.3,22.1,1
2022-09-30,16798.05,16818.1,17094.35,19.97,21.3,-2
2022-10-03,17102.1,17094.35,16887.35,21.37,19.97,-2
2022-10-04,17147.45,16887.35,17274.3,19.57,21.37,2
2022-10-06,17379.25,17274.3,17331.8,19.32,19.57,2
2022-10-07,17287.2,17331.8,17314.65,18.81,19.32,-1
2022-10-10,17094.35,17314.65,17241.0,19.62,18.81,-3
2022-10-11,17256.05,17241.0,16983.55,20.49,19.62,-2
2022-10-12,17025.55,16983.55,17123.6,20.18,20.49,-2
2022-10-13,17087.35,17123.6,17014.35,20.29,20.18,0
2022-10-14,17322.3,17014.35,17185.7,18.26,20.29,1
2022-10-17,17144.8,17185.7,17311.8,18.42,18.26,-2
2022-10-18,17438.75,17311.8,17486.95,17.45,18.42,2
2022-10-19,17568.15,17486.95,17512.25,17.49,17.45,2
2022-10-20,17423.1,17512.25,17563.95,17.23,17.49,-2
2022-10-21,17622.85,17563.95,17576.3,17.28,17.23,1
2022-10-24,17736.35,17576.3,17730.75,17.42,17.28,2
2022-10-25,17808.3,17730.75,17656.35,16.88,17.42,2
2022-10-27,17771.4,17656.35,17736.95,16.6,16.88,0
2022-10-28,17756.4,17736.95,17786.8,15.92,16.6,0
2022-10-31,17910.2,17786.8,18012.2,15.8,15.92,3
2022-11-01,18130.7,18012.2,18145.4,16.13,15.8,1
2022-11-02,18177.9,18145.4,18082.85,16.66,16.13,1
2022-11-03,17968.35,18082.85,18052.7,15.94,16.66,-1
2022-11-04,18053.4,18052.7,18117.15,15.66,15.94,-1
2022-11-07,18211.75,18117.15,18202.8,15.59,15.66,3
2022-11-09,18288.25,18202.8,18157.0,15.92,15.59,3
2022-11-10,18044.35,18157.0,18028.2,15.57,15.92,-2
2022-11-11,18272.35,18028.2,18349.7,14.41,15.57,2
2022-11-14,18376.4,18349.7,18329.15,14.91,14.41,2
2022-11-15,18362.75,18329.15,18403.4,14.64,14.91,0
2022-11-16,18398.25,18403.4,18409.65,15.1,14.64,1
2022-11-17,18358.7,18409.65,18343.9,14.88,15.1,-1
2022-11-18,18382.95,18343.9,18307.65,14.39,14.88,0
2022-11-21,18246.4,18307.65,18159.95,14.8,14.39,-1
2022-11-22,18179.15,18159.95,18244.2,13.84,14.8,-1
2022-11-23,18325.2,18244.2,18267.25,14.04,13.84,2
2022-11-24,18326.1,18267.25,18484.1,13.48,14.04,2
2022-11-25,18528.45,18484.1,18512.75,13.33,13.48,2
2022-11-28,18430.55,18512.75,18562.75,13.57,13.33,-1
2022-11-29,18552.45,18562.75,18618.05,13.62,13.57,-1
2022-11-30,18625.7,18618.05,18758.35,13.81,13.62,1
2022-12-01,18871.95,18758.35,18812.5,13.36,13.81,3
2022-12-02,18752.4,18812.5,18696.1,13.45,13.36,-2
2022-12-05,18719.55,18696.1,18701.05,13.73,13.45,0
2022-12-06,18600.65,18701.05,18642.75,14.04,13.73,-3
2022-12-07,18638.85,18642.75,18560.5,14.08,14.04,-1
2022-12-08,18570.85,18560.5,18609.35,13.4,14.08,-1
2022-12-09,18662.4,18609.35,18496.6,13.48,13.4,0
2022-12-12,18402.15,18496.6,18497.15,13.32,13.48,-2
2022-12-13,18524.4,18497.15,18608.0,12.88,13.32,1
2022-12-14,18671.25,18608.0,18660.3,12.89,12.88,2
2022-12-15,18614.4,18660.3,18414.9,13.73,12.89,-1
2022-12-16,18319.1,18414.9,18269.0,14.07,13.73,-2
2022-12-19,18288.1,18269.0,18420.45,13.55,14.07,-2
2022-12-20,18340.3,18420.45,18385.3,13.78,13.55,-2
2022-12-21,18435.15,18385.3,18199.1,15.56,13.78,0
2022-12-22,18288.8,18199.1,18127.35,15.19,15.56,1
2022-12-23,17977.65,18127.35,17806.8,16.16,15.19,-2
2022-12-28,18084.75,18132.3,18122.5,15.4,15.29,0
2022-12-29,18045.7,18122.5,18191.0,14.81,15.4,-2
2022-12-30,18259.1,18191.0,18105.3,14.87,14.81,2
2023-01-02,18131.7,18105.3,18197.45,14.69,14.87,-1
2023-01-03,18163.2,18197.45,18232.55,14.39,14.69,0
2023-01-04,18230.65,18232.55,18042.95,15.2,14.39,0
2023-01-05,18101.95,18042.95,17992.15,14.98,15.2,1
2023-01-06,18008.05,17992.15,17859.45,15.03,14.98,-2
2023-01-09,17952.55,17859.45,18101.2,14.65,15.03,1
2023-01-10,18121.3,18101.2,17914.15,15.51,14.65,0
2023-01-11,17924.25,17914.15,17895.7,15.44,15.51,0
2023-01-12,17920.85,17895.7,17858.2,15.28,15.44,0
2023-01-13,17867.5,17858.2,17956.6,14.46,15.28,-1
2023-01-16,18033.15,17956.6,17894.85,15.02,14.46,0
2023-01-17,17922.8,17894.85,18053.3,14.59,15.02,0
2023-01-18,18074.3,18053.3,18165.35,14.37,14.59,0
2023-01-19,18119.8,18165.35,18107.85,13.96,14.37,-1
2023-01-20,18115.6,18107.85,18027.65,13.79,13.96,-1
2023-01-23,18118.45,18027.65,18118.55,13.62,13.79,1
2023-01-24,18183.95,18118.55,18118.3,13.66,13.62,2
2023-01-25,18093.35,18118.3,17891.95,14.66,13.66,0
2023-01-27,17877.2,17891.95,17604.35,17.32,14.66,0
2023-01-30,17541.95,17604.35,17648.95,17.71,17.32,-2
2023-01-31,17731.45,17648.95,17662.15,16.88,17.71,-1
2023-02-01,17811.6,17662.15,17616.3,16.78,16.88,1
2023-02-02,17517.1,17616.3,17610.4,15.73,16.78,1
2023-02-03,17721.75,17610.4,17854.05,14.4,15.73,1
2023-02-06,17818.55,17854.05,17764.6,14.69,14.4,-1
2023-02-07,17790.1,17764.6,17721.5,14.13,14.69,-2
2023-02-08,17750.3,17721.5,17871.7,13.6,14.13,0
2023-02-09,17885.5,17871.7,17893.45,13.04,13.6,-1
2023-02-10,17847.55,17893.45,17856.5,12.75,13.04,-1
2023-02-13,17859.1,17856.5,17770.9,13.68,12.75,1
2023-02-14,17840.35,17770.9,17929.85,13.45,13.68,3
2023-02-15,17896.6,17929.85,18015.85,12.86,13.45,1
2023-02-16,18094.75,18015.85,18035.85,12.89,12.86,1
2023-02-17,17974.85,18035.85,17944.2,13.09,12.89,-1
2023-02-20,17965.55,17944.2,17844.6,13.38,13.09,0
2023-02-21,17905.8,17844.6,17826.7,14.01,13.38,1
2023-02-22,17755.35,17826.7,17554.3,15.59,14.01,-2
2023-02-23,17574.65,17554.3,17511.25,15.08,15.59,0
2023-02-24,17591.35,17511.25,17465.8,14.19,15.08,1
2023-02-27,17428.6,17465.8,17392.7,13.88,14.19,-2
2023-02-28,17383.25,17392.7,17303.95,14.02,13.88,-1
2023-03-01,17360.1,17303.95,17450.9,13.0,14.02,0
2023-03-02,17421.5,17450.9,17321.9,12.97,13.0,0
2023-03-03,17451.25,17321.9,17594.35,12.18,12.97,3
2023-03-06,17680.35,17594.35,17711.45,12.27,12.18,2
2023-03-08,17665.75,17711.45,17754.4,12.45,12.27,-1
2023-03-09,17772.05,17754.4,17589.6,12.73,12.45,1
2023-03-10,17443.8,17589.6,17412.9,13.41,12.73,-2
2023-03-13,17421.9,17412.9,17154.3,16.22,13.41,-2
2023-03-14,17160.55,17154.3,17043.3,16.22,16.22,-1
2023-03-15,17166.45,17043.3,16972.15,16.3,16.22,1
2023-03-16,16994.65,16972.15,16985.6,16.22,16.3,-2
2023-03-17,17111.8,16985.6,17100.05,14.77,16.22,2
2023-03-20,17066.6,17100.05,16988.4,16.01,14.77,-2
2023-03-21,17060.4,16988.4,17107.5,15.08,16.01,1
2023-03-22,17177.45,17107.5,17151.9,14.81,15.08,1
2023-03-23,17097.4,17151.9,17076.9,14.49,14.81,-2
2023-03-24,17076.2,17076.9,16945.05,15.24,14.49,0
2023-03-27,16984.3,16945.05,16985.7,15.45,15.24,0
2023-03-28,17031.75,16985.7,16951.7,15.1,15.45,0
2023-03-29,16977.3,16951.7,17080.7,13.63,15.1,1
2023-03-31,17210.35,17080.7,17359.75,12.94,13.63,3
2023-04-03,17427.95,17359.75,17398.05,12.59,12.94,2
2023-04-05,17422.3,17398.05,17557.05,12.41,12.59,-1
2023-04-06,17533.85,17557.05,17599.15,11.8,12.41,0
2023-04-10,17634.9,17599.15,17624.05,12.27,11.8,0
2023-04-11,17704.8,17624.05,17722.3,11.98,12.27,1
2023-04-12,17759.55,17722.3,17812.4,12.27,11.98,0
2023-04-13,17807.3,17812.4,17828.0,11.91,12.27,1
2023-04-17,17863.0,17828.0,17706.85,12.27,11.91,0
2023-04-18,17766.6,17706.85,17660.15,12.08,12.27,1
2023-04-19,17653.35,17660.15,17618.75,12.15,12.08,0
2023-04-20,17638.6,17618.75,17624.45,11.94,12.15,0
2023-04-21,17639.75,17624.45,17624.05,11.63,11.94,-2
2023-04-24,17707.55,17624.05,17743.4,11.67,11.63,0
2023-04-25,17761.55,17743.4,17769.25,11.52,11.67,0
2023-04-26,17767.3,17769.25,17813.6,11.65,11.52,-1
2023-04-27,17813.1,17813.6,17915.05,11.43,11.65,1
