date,open,prev_close,close,vix_close,vix_prev,morning_score
2019-02-12,26259.25,26240.0,26094.4,15.33,15.42,0
2019-02-14,25767.9,26094.4,25945.7,15.35,15.33,-1
2019-02-15,25911.55,25945.7,25500.6,16.02,15.35,0
2019-02-18,25490.0,25500.6,25296.45,17.52,16.02,1
2019-02-19,25310.65,25296.45,25337.5,17.97,17.52,0
2019-02-20,25434.1,25337.5,25677.3,16.6,17.97,1
2019-02-21,25724.95,25677.3,25896.95,15.62,16.6,0
2019-02-22,25930.2,25896.95,26097.55,15.04,15.62,0
2019-02-25,26179.05,26097.55,26212.65,14.95,15.04,3
2019-02-26,26006.35,26212.65,26199.65,16.65,14.95,0
2019-02-27,26301.65,26199.65,26310.85,18.39,16.65,2
2019-02-28,26415.35,26310.85,26514.45,17.79,18.39,1
2019-03-01,26613.55,26514.45,26847.9,15.83,17.79,2
2019-03-05,26884.0,26847.9,27347.05,15.24,15.83,0
2019-03-06,27500.5,27347.05,27558.1,15.19,15.24,1
2019-03-07,27598.55,27558.1,27429.5,14.88,15.19,0
2019-03-08,27401.75,27429.5,27458.2,14.54,14.88,0
2019-03-11,27573.25,27458.2,28087.55,14.5,14.54,2
2019-03-12,28261.15,28087.55,28208.3,14.69,14.5,3
2019-03-13,28269.65,28208.3,28047.85,14.87,14.69,1
2019-03-14,28104.4,28047.85,27942.1,14.74,14.87,2
2019-03-15,27983.5,27942.1,27907.65,15.44,14.74,1
2019-03-18,27995.55,27907.65,27970.7,16.45,15.44,2
2019-03-19,28066.65,27970.7,28058.65,16.05,16.45,2
2019-03-20,28110.15,28058.65,27964.1,15.6,16.05,1
2019-03-22,27965.15,27964.1,27760.0,15.83,15.6,2
2019-03-25,27606.7,27760.0,27423.25,16.22,15.83,-1
2019-03-26,27497.2,27423.25,27681.75,16.05,16.22,0
2019-03-27,27806.65,27681.75,27623.2,16.59,16.05,2
2019-03-28,27664.65,27623.2,27873.05,16.2,16.59,1
2019-04-01,28450.65,27873.05,28334.0,17.53,16.2,2
2019-04-02,28398.85,28334.0,28137.0,17.6,17.53,1
2019-04-03,28238.7,28137.0,28033.15,18.28,17.6,1
2019-04-04,28119.5,28033.15,28020.55,18.15,18.28,0
2019-04-05,28111.3,28020.55,28143.05,17.9,18.15,1
2019-04-08,28182.35,28143.05,28039.3,19.61,17.9,0
2019-04-09,28068.25,28039.3,28146.45,19.74,19.61,0
2019-04-10,28137.25,28146.45,28056.8,20.56,19.74,0
2019-04-11,28069.8,28056.8,28148.55,20.4,20.56,1
2019-04-12,28171.6,28148.55,28271.1,20.44,20.4,0
2019-04-15,28351.35,28271.1,28389.5,20.82,20.44,1
2019-04-16,28482.05,28389.5,28542.45,21.11,20.82,1
2019-04-18,28593.75,28542.45,28419.55,22.13,21.11,1
2019-04-22,28317.15,28419.55,27907.25,23.4,22.13,0
2019-04-23,27967.55,27907.25,27874.85,23.99,23.4,0
2019-04-24,27885.55,27874.85,28057.85,23.07,23.99,1
2019-04-25,28093.65,28057.85,27914.95,22.61,23.07,0
2019-04-26,28015.6,27914.95,27921.05,21.14,22.61,2
2019-04-30,27888.55,27921.05,27800.25,21.24,21.14,0
2019-05-02,27750.4,27800.25,27659.1,22.36,21.24,-1
2019-05-03,27656.3,27659.1,27537.75,23.39,22.36,0
2019-05-06,27345.95,27537.75,27202.9,25.72,23.39,0
2019-05-07,27294.65,27202.9,27020.4,25.77,25.72,1
2019-05-08,26983.05,27020.4,26707.75,25.66,25.77,-1
2019-05-09,26649.25,26707.75,26632.6,24.81,25.66,0
2019-05-10,26643.35,26632.6,26558.95,25.63,24.81,0
2019-05-13,26507.4,26558.95,26074.6,26.65,25.63,-1
2019-05-14,26026.75,26074.6,26130.0,26.4,26.65,-2
2019-05-15,26161.4,26130.0,26015.45,27.89,26.4,0
2019-05-16,26013.1,26015.45,26004.7,27.61,27.89,0
2019-05-17,25984.55,26004.7,26226.5,27.33,27.61,1
2019-05-20,26828.95,26226.5,27081.4,23.04,27.33,-1
2019-05-21,27180.4,27081.4,26859.05,24.96,23.04,1
2019-05-22,26927.15,26859.05,26848.05,26.89,24.96,2
2019-05-23,27203.55,26848.05,26947.1,18.89,26.89,1
2019-05-24,27080.0,26947.1,27572.65,16.03,18.89,1
2019-05-27,27496.55,27572.65,27719.9,15.76,16.03,1
2019-05-28,27838.8,27719.9,27824.75,15.49,15.76,2
2019-05-29,27860.1,27824.75,27625.35,15.97,15.49,-1
2019-05-30,27670.05,27625.35,27648.55,15.19,15.97,-1
2019-05-31,27772.0,27648.55,27839.5,15.64,15.19,2
2019-06-03,27943.95,27839.5,28143.05,15.54,15.64,0
2019-06-04,28080.5,28143.05,27970.1,15.21,15.54,1
2019-06-06,28029.9,27970.1,27374.15,15.11,15.21,1
2019-06-07,27370.5,27374.15,27382.75,14.46,15.11,0
2019-06-10,27490.2,27382.75,27456.4,14.58,14.46,2
2019-06-11,27508.75,27456.4,27613.2,14.1,14.58,0
2019-06-12,27599.05,27613.2,27395.25,13.74,14.1,0
2019-06-13,27383.7,27395.25,27379.2,13.29,13.74,-1
2019-06-14,27371.85,27379.2,27093.0,13.53,13.29,0
2019-06-17,27072.15,27093.0,26672.3,14.26,13.53,0
2019-06-18,26691.6,26672.3,26705.0,14.21,14.26,0
2019-06-19,26809.9,26705.0,26551.8,14.33,14.21,2
2019-06-20,26522.5,26551.8,26998.15,13.62,14.33,0
2019-06-21,26930.45,26998.15,26926.2,14.22,13.62,1
2019-06-24,26981.7,26926.2,26960.25,14.81,14.22,0
2019-06-25,26886.9,26960.25,27028.45,14.61,14.81,0
2019-06-26,26981.1,27028.45,27246.3,14.35,14.61,0
2019-06-27,27269.5,27246.3,27381.35,14.26,14.35,0
2019-06-28,27431.4,27381.35,27332.5,14.55,14.26,0
2019-07-01,27436.85,27332.5,27471.75,14.21,14.55,2
2019-07-02,27547.95,27471.75,27562.85,13.87,14.21,1
2019-07-03,27642.35,27562.85,27704.9,13.33,13.87,0
2019-07-05,27820.55,27704.9,27378.0,12.72,13.33,2
2019-07-08,27206.8,27378.0,26810.65,13.48,12.72,-1
2019-07-09,26806.85,26810.65,26953.15,13.32,13.48,0
2019-07-10,26897.2,26953.15,26739.5,13.27,13.32,0
2019-07-11,26858.25,26739.5,26932.1,12.14,13.27,1
2019-07-12,26977.75,26932.1,26983.65,11.68,12.14,0
2019-07-15,27039.6,26983.65,27096.3,11.7,11.68,0
2019-07-16,27072.45,27096.3,27365.5,11.25,11.7,0
2019-07-17,27371.5,27365.5,27428.35,11.48,11.25,0
2019-07-18,27410.7,27428.35,27120.05,11.43,11.48,-1
2019-07-19,27264.6,27120.05,26656.15,12.18,11.43,0
2019-07-22,26615.55,26656.15,26676.1,12.66,12.18,-1
2019-07-23,26706.25,26676.1,26560.25,13.07,12.66,-1
2019-07-24,26569.9,26560.25,26133.9,12.42,13.07,0
2019-07-25,26221.6,26133.9,26302.15,12.3,12.42,0
2019-07-26,26342.35,26302.15,26553.9,11.8,12.3,-1
2019-07-29,26532.3,26553.9,26197.35,12.71,11.8,0
2019-07-30,26207.0,26197.35,25838.0,13.24,12.71,0
2019-07-31,25748.25,25838.0,26071.3,13.23,13.24,-1
2019-08-01,25957.5,26071.3,25732.95,14.17,13.23,-3
2019-08-02,25607.4,25732.95,25811.25,14.78,14.17,-3
2019-08-05,25639.6,25811.25,25601.75,16.15,14.78,-3
2019-08-06,25502.7,25601.75,25848.5,15.69,16.15,-3
2019-08-07,25893.6,25848.5,25730.0,16.29,15.69,0
2019-08-08,25875.45,25730.0,26050.65,15.66,16.29,1
2019-08-09,26159.65,26050.65,26236.6,15.42,15.66,2
2019-08-13,26228.3,26236.6,25636.1,17.3,15.42,-1
2019-08-14,25659.3,25636.1,25914.0,15.92,17.3,1
2019-08-16,25837.5,25914.0,25999.6,16.2,15.92,1
2019-08-19,26078.4,25999.6,25981.65,16.3,16.2,1
2019-08-20,25842.9,25981.65,25783.45,16.18,16.3,0
2019-08-21,25827.2,25783.45,25482.05,16.56,16.18,-1
2019-08-22,25460.85,25482.05,25136.9,17.37,16.56,1
2019-08-23,25081.4,25136.9,25345.1,16.88,17.37,0
2019-08-26,25749.0,25345.1,25813.55,16.21,16.88,-1
2019-08-27,25929.25,25813.55,26156.25,15.58,16.21,2
2019-08-28,26204.2,26156.25,26032.15,16.39,15.58,0
2019-08-29,25979.6,26032.15,26046.9,15.99,16.39,1
2019-08-30,26155.65,26046.9,26405.05,15.84,15.99,2
2019-09-03,26259.85,26405.05,25834.35,17.58,15.84,0
2019-09-04,25858.55,25834.35,25800.55,16.78,17.58,-2
2019-09-05,25878.95,25800.55,25935.05,16.81,16.78,1
2019-09-06,26025.2,25935.05,26053.95,15.83,16.81,2
2019-09-09,26048.65,26053.95,26141.0,15.42,15.83,0
2019-09-11,26184.95,26141.0,26309.65,14.96,15.42,0
2019-09-12,26380.0,26309.65,26285.0,14.5,14.96,1
2019-09-13,26375.05,26285.0,26460.1,13.74,14.5,1
2019-09-16,26282.15,26460.1,26431.2,14.55,13.74,-1
2019-09-17,26436.6,26431.2,25987.95,15.59,14.55,0
2019-09-18,26127.3,25987.95,26149.9,14.94,15.59,1
2019-09-19,26178.7,26149.9,25922.1,15.13,14.94,0
2019-09-20,26026.45,25922.1,27406.85,14.99,15.13,1
2019-09-23,27841.7,27406.85,27912.35,16.34,14.99,1
2019-09-24,27972.2,27912.35,27942.55,16.28,16.34,1
2019-09-25,27874.15,27942.55,27484.5,15.74,16.28,-1
2019-09-26,27517.6,27484.5,27811.0,15.9,15.74,1
2019-09-27,27790.7,27811.0,27818.1,15.68,15.9,0
2019-09-30,27794.4,27818.1,27520.3,15.44,15.68,-1
2019-10-01,27630.5,27520.3,27249.85,16.31,15.44,2
2019-10-03,27151.6,27249.85,27023.2,17.23,16.31,-3
2019-10-04,27136.25,27023.2,26681.6,17.11,17.23,2
2019-10-07,26651.8,26681.6,26295.05,17.35,17.11,1
2019-10-09,26320.9,26295.05,26660.3,16.7,17.35,-1
2019-10-10,26575.8,26660.3,26492.85,16.77,16.7,0
2019-10-11,26556.8,26492.85,26598.6,16.68,16.77,1
2019-10-14,26679.6,26598.6,26791.6,16.96,16.68,2
2019-10-15,26829.75,26791.6,27010.6,16.4,16.96,0
2019-10-16,27085.1,27010.6,27240.55,15.92,16.4,1
2019-10-17,27275.6,27240.55,27627.6,15.45,15.92,0
2019-10-18,27665.2,27627.6,28014.15,15.5,15.45,1
2019-10-22,28088.0,28014.15,28163.95,16.36,15.5,1
2019-10-23,28202.65,28163.95,28140.45,16.1,16.36,0
2019-10-24,28220.75,28140.45,28045.25,15.8,16.1,0
2019-10-25,28054.65,28045.25,27959.55,14.91,15.8,0
2019-10-29,28105.35,27959.55,28447.6,15.98,14.91,2
2019-10-30,28557.6,28447.6,28636.4,16.21,15.98,1
2019-10-31,28757.75,28636.4,28722.1,15.84,16.21,2
2019-11-01,28794.25,28722.1,28706.55,15.31,15.84,1
2019-11-04,28760.05,28706.55,28652.9,15.5,15.31,1
2019-11-05,28670.85,28652.9,28442.35,15.49,15.5,0
2019-11-06,28449.6,28442.35,28534.2,15.36,15.49,0
2019-11-07,28673.15,28534.2,28686.25,14.8,15.36,2
2019-11-08,28721.4,28686.25,28387.25,15.43,14.8,0
2019-11-11,28323.9,28387.25,28451.15,15.81,15.43,0
2019-11-13,28535.85,28451.15,28298.6,16.02,15.81,0
2019-11-14,28324.65,28298.6,28175.6,15.23,16.02,0
2019-11-15,28266.65,28175.6,28195.55,14.63,15.23,1
2019-11-18,28262.15,28195.55,28154.0,15.34,14.63,0
2019-11-19,28152.1,28154.0,28071.9,15.0,15.34,0
2019-11-20,28178.7,28071.9,28245.95,14.75,15.0,1
2019-11-21,28360.8,28245.95,28132.6,14.58,14.75,1
2019-11-22,28157.7,28132.6,28059.2,14.47,14.58,1
2019-11-25,28090.05,28059.2,28443.5,14.6,14.47,0
2019-11-26,28554.3,28443.5,28264.05,14.44,14.6,2
2019-11-27,28357.4,28264.05,28468.7,14.23,14.44,2
2019-11-28,28500.85,28468.7,28765.6,13.61,14.23,0
2019-11-29,28798.05,28765.6,28546.45,13.53,13.61,1
2019-12-02,28581.05,28546.45,28539.45,13.82,13.53,-1
2019-12-03,28608.45,28539.45,28333.2,14.17,13.82,-2
2019-12-04,28239.1,28333.2,28364.2,12.96,14.17,-3
2019-12-05,28337.9,28364.2,28145.55,13.93,12.96,1
2019-12-06,28221.2,28145.55,27854.05,13.27,13.93,0
2019-12-09,27870.3,27854.05,27758.05,14.21,13.27,1
2019-12-10,27786.45,27758.05,27463.65,13.91,14.21,0
2019-12-11,27509.7,27463.65,27594.25,13.02,13.91,0
2019-12-12,27734.3,27594.25,27793.8,12.99,13.02,1
2019-12-13,27906.2,27793.8,28076.7,12.94,12.99,2
2019-12-16,28095.9,28076.7,27915.25,13.06,12.94,0
2019-12-17,27977.4,27915.25,28031.75,12.18,13.06,1
2019-12-18,28086.15,28031.75,28138.2,12.01,12.18,1
2019-12-19,28154.0,28138.2,28245.3,11.79,12.01,1
2019-12-20,28282.25,28245.3,28406.25,12.0,11.79,0
2019-12-23,28383.55,28406.25,28395.75,11.64,12.0,0
2019-12-24,28423.7,28395.75,28382.85,11.32,11.64,1
2019-12-26,28409.1,28382.85,28280.25,10.82,11.32,0
2019-12-27,28354.5,28280.25,28476.8,10.25,10.82,1
2019-12-30,28528.95,28476.8,28484.85,10.71,10.25,0
2019-12-31,28495.0,28484.85,28307.55,11.36,10.71,-1
2020-01-02,28325.45,28307.55,28535.4,11.18,11.36,0
2020-01-03,28493.6,28535.4,28478.95,12.36,11.18,1
2020-01-06,28316.45,28478.95,27894.9,14.38,12.36,-1
2020-01-07,28049.55,27894.9,28101.2,14.22,14.38,1
2020-01-08,27739.05,28101.2,28113.55,15.22,14.22,-1
2020-01-09,28397.1,28113.55,28484.3,13.62,15.22,1
2020-01-10,28556.7,28484.3,28556.05,13.7,13.62,1
2020-01-13,28669.35,28556.05,28783.55,13.9,13.7,1
2020-01-14,28836.5,28783.55,28845.25,13.54,13.9,1
2020-01-15,28862.5,28845.25,28957.95,13.74,13.54,0
2020-01-16,29068.2,28957.95,28978.6,13.8,13.74,1
2020-01-17,28957.3,28978.6,29034.85,13.75,13.8,1
2020-01-20,29122.85,29034.85,28754.45,15.0,13.75,1
2020-01-21,28699.1,28754.45,28617.35,15.43,15.0,0
2020-01-22,28711.35,28617.35,28593.0,15.92,15.43,1
2020-01-23,28638.35,28593.0,28898.3,15.43,15.92,0
2020-01-24,28888.6,28898.3,29153.75,15.14,15.43,1
2020-01-27,29058.75,29153.75,28960.75,16.72,15.14,-2
2020-01-28,29034.75,28960.75,28888.75,16.84,16.72,-1
2020-01-29,29025.2,28888.75,29045.4,16.06,16.84,1
2020-01-30,29078.75,29045.4,28533.0,16.35,16.06,-1
2020-01-31,28656.1,28533.0,28294.6,16.9,16.35,1
2020-02-03,27302.1,28294.6,27534.7,15.36,16.9,-3
2020-02-04,27728.85,27534.7,28112.45,13.99,15.36,1
2020-02-05,28235.3,28112.45,28537.8,13.79,13.99,2
2020-02-06,28625.3,28537.8,28871.35,13.41,13.79,2
2020-02-07,28900.0,28871.35,29046.45,13.38,13.41,0
2020-02-10,29066.95,29046.45,28953.7,13.83,13.38,-1
2020-02-11,29086.65,28953.7,28854.35,13.51,13.83,2
2020-02-12,28927.4,28854.35,28855.35,13.25,13.51,0
2020-02-13,28829.5,28855.35,28807.6,13.01,13.25,1
2020-02-14,28790.4,28807.6,28501.05,13.25,13.01,1
2020-02-17,28513.65,28501.05,28169.6,14.03,13.25,0
2020-02-18,28116.45,28169.6,28060.35,14.12,14.03,0
2020-02-19,28290.2,28060.35,28630.75,13.64,14.12,1
2020-02-20,28632.2,28630.75,28669.8,13.33,13.64,0
2020-02-24,28478.8,28669.8,28073.9,16.54,13.33,-1
2020-02-25,28217.2,28073.9,27863.65,16.45,16.54,-1
2020-02-26,27757.65,27863.65,27470.15,17.77,16.45,-3
2020-02-27,27451.5,27470.15,27404.3,17.29,17.77,-1
2020-02-28,26859.65,27404.3,26482.0,22.62,17.29,-3
2020-03-02,26870.1,26482.0,26404.3,24.52,22.62,-1
2020-03-03,26609.25,26404.3,26926.3,23.88,24.52,1
2020-03-04,27077.35,26926.3,26717.15,23.58,23.88,-1
2020-03-05,26874.7,26717.15,26877.55,22.63,23.58,2
2020-03-06,26000.05,26877.55,26291.85,24.95,22.63,-3
2020-03-09,25843.85,26291.85,25139.45,29.97,24.95,-3
2020-03-11,25065.4,25139.45,24955.6,30.71,29.97,0
2020-03-12,24047.1,24955.6,22776.4,40.06,30.71,-3
2020-03-13,21140.65,22776.4,23423.8,50.09,40.06,-3
2020-03-16,22653.0,23423.8,22184.35,57.3,50.09,-1
2020-03-17,22210.0,22184.35,22003.15,61.24,57.3,-2
2020-03-18,22300.85,22003.15,20924.75,62.24,61.24,1
2020-03-19,19964.05,20924.75,20238.25,70.26,62.24,-3
2020-03-20,20421.75,20238.25,20963.8,65.3,70.26,0
2020-03-23,19308.85,20963.8,18524.65,70.06,65.3,-3
2020-03-24,18781.0,18524.65,18720.1,81.37,70.06,-1
2020-03-25,18504.4,18720.1,19393.0,75.55,81.37,-1
2020-03-26,19714.5,19393.0,20459.85,69.61,75.55,1
2020-03-27,21002.4,20459.85,20431.6,68.5,69.61,2
2020-03-30,20085.8,20431.6,20263.0,69.96,68.5,-2
2020-03-31,20788.05,20263.0,21116.25,62.68,69.96,1
2020-04-01,21168.3,21116.25,20664.55,58.44,62.68,-2
2020-04-03,20730.7,20664.55,20399.7,53.82,58.44,1
2020-04-07,21068.5,20399.7,21702.3,50.41,53.82,1
2020-04-08,21675.5,21702.3,22139.65,50.84,50.41,0
2020-04-09,22602.8,22139.65,22898.85,48.42,50.84,3
2020-04-13,22903.55,22898.85,22864.5,50.08,48.42,2
2020-04-15,23056.15,22864.5,23051.15,48.41,50.08,1
2020-04-16,22950.3,23051.15,23222.85,44.86,48.41,-1
2020-04-17,23862.15,23222.85,23513.7,41.45,44.86,1
2020-04-20,23726.6,23513.7,23395.4,42.29,41.45,1
2020-04-21,22953.35,23395.4,23022.85,43.99,42.29,-2
2020-04-22,23027.95,23022.85,23310.75,41.67,43.99,-2
2020-04-23,23438.5,23310.75,23372.65,38.18,41.67,1
2020-04-24,23117.6,23372.65,22963.8,38.07,38.18,-1
2020-04-27,23170.75,22963.8,23429.25,37.02,38.07,2
2020-04-28,23680.25,23429.25,23367.95,34.4,37.02,2
2020-04-29,23498.2,23367.95,23624.05,32.93,34.4,0
2020-04-30,23967.45,23624.05,24102.75,33.08,32.93,2
2020-05-04,23432.0,24102.75,23108.95,42.5,33.08,-1
2020-05-05,23435.7,23108.95,22791.5,42.44,42.5,0
2020-05-06,22823.95,22791.5,23009.8,40.14,42.44,0
2020-05-07,22974.15,23009.8,22759.85,38.86,40.14,-1
2020-05-08,23030.0,22759.85,22959.5,37.38,38.86,3
2020-05-11,23182.35,22959.5,23201.45,37.02,37.38,3
2020-05-12,23087.95,23201.45,23164.65,37.19,37.02,-1
2020-05-13,23876.4,23164.65,23457.65,37.8,37.19,-1
2020-05-14,23330.05,23457.65,23306.6,37.16,37.8,-2
2020-05-15,23378.3,23306.6,23177.8,37.0,37.16,1
2020-05-18,23186.5,23177.8,22447.4,39.82,37.0,-1
2020-05-19,22715.5,22447.4,22567.8,38.39,39.82,1
2020-05-20,22581.5,22567.8,23003.1,34.85,38.39,-2
2020-05-21,23097.2,23003.1,23283.05,32.11,34.85,1
2020-05-22,23231.1,23283.05,23031.55,31.51,32.11,-1
2020-05-26,23111.95,23031.55,23061.8,30.63,31.51,0
2020-05-27,23089.8,23061.8,23088.5,30.43,30.63,2
2020-05-28,23163.25,23088.5,23496.5,29.21,30.43,2
2020-05-29,23413.15,23496.5,24065.0,29.41,29.21,0
2020-06-01,24291.45,24065.0,24440.5,29.92,29.41,2
2020-06-02,24561.7,24440.5,24600.0,29.31,29.92,2
2020-06-03,24844.35,24600.0,24745.2,29.23,29.31,3
2020-06-04,24850.3,24745.2,24854.8,28.89,29.23,3
2020-06-05,25048.8,24854.8,25324.8,27.91,28.89,2
2020-06-08,25681.45,25324.8,25329.45,28.85,27.91,2
2020-06-09,25489.0,25329.45,25162.65,29.4,28.85,2
2020-06-10,25188.75,25162.65,25153.75,28.65,29.4,-1
2020-06-11,25142.0,25153.75,24768.8,28.86,28.65,-1
2020-06-12,23913.85,24768.8,25018.75,29.99,28.86,-2
2020-06-15,25053.3,25018.75,24793.3,31.71,29.99,0
2020-06-16,25119.6,24793.3,24863.45,32.09,31.71,1
2020-06-17,24784.95,24863.45,24883.8,32.46,32.09,-1
2020-06-18,24837.1,24883.8,24953.65,30.62,32.46,0
2020-06-19,25074.85,24953.65,25227.0,29.17,30.62,1
2020-06-22,25479.5,25227.0,25723.3,29.64,29.17,1
2020-06-23,25871.8,25723.3,26188.85,28.55,29.64,2
2020-06-24,26420.8,26188.85,25911.95,28.79,28.55,1
2020-06-25,25774.85,25911.95,25931.05,28.93,28.79,-1
2020-06-26,26142.1,25931.05,25974.5,27.97,28.93,1
2020-06-29,25932.75,25974.5,25759.5,28.13,27.97,-1
2020-06-30,25910.25,25759.5,25743.7,28.34,28.13,1
2020-07-01,25846.1,25743.7,25755.45,27.37,28.34,1
2020-07-02,25801.4,25755.45,25947.5,25.8,27.37,0
2020-07-03,26109.1,25947.5,26146.25,25.08,25.8,1
2020-07-06,26318.45,26146.25,26264.85,24.52,25.08,1
2020-07-07,26352.75,26264.85,26390.6,24.43,24.52,2
2020-07-08,26473.35,26390.6,26299.5,25.4,24.43,0
2020-07-09,26377.45,26299.5,26268.6,24.24,25.4,1
2020-07-10,26246.35,26268.6,26208.65,24.27,24.24,-1
2020-07-13,26351.7,26208.65,26274.85,24.57,24.27,1
2020-07-14,26233.95,26274.85,26016.9,25.93,24.57,-1
2020-07-15,26172.95,26016.9,25875.25,25.58,25.93,1
2020-07-16,25979.8,25875.25,25950.05,24.68,25.58,2
2020-07-17,26036.4,25950.05,26375.8,23.51,24.68,0
2020-07-20,26505.15,26375.8,26525.75,24.05,23.51,1
2020-07-21,26719.55,26525.75,26571.6,23.77,24.05,3
2020-07-22,26658.45,26571.6,26426.85,24.22,23.77,2
2020-07-23,26495.1,26426.85,26642.3,23.98,24.22,2
2020-07-24,26532.0,26642.3,26340.55,23.88,23.98,-1
2020-07-27,26412.4,26340.55,26134.3,24.35,23.88,0
2020-07-28,26207.4,26134.3,26309.75,23.01,24.35,1
2020-07-29,26337.85,26309.75,26433.05,23.46,23.01,-1
2020-07-30,26539.45,26433.05,26565.4,24.07,23.46,2
2020-07-31,26657.95,26565.4,26861.35,23.54,24.07,1
2020-08-03,26852.1,26861.35,26725.75,24.51,23.54,1
2020-08-04,26890.85,26725.75,26897.2,23.18,24.51,3
2020-08-05,27026.3,26897.2,26874.3,22.94,23.18,1
2020-08-06,27005.75,26874.3,27064.45,22.53,22.94,2
2020-08-07,27127.5,27064.45,27130.45,21.97,22.53,1
2020-08-10,27406.9,27130.45,27526.05,21.91,21.97,1
2020-08-11,27658.2,27526.05,27392.05,20.79,21.91,1
2020-08-12,27377.65,27392.05,27381.15,20.29,20.79,0
2020-08-13,27499.1,27381.15,27515.8,20.02,20.29,2
2020-08-14,27624.5,27515.8,27260.45,21.09,20.02,1
2020-08-17,27469.7,27260.45,27351.45,20.74,21.09,1
2020-08-18,27442.4,27351.45,27667.65,19.88,20.74,1
2020-08-19,27817.9,27667.65,27709.7,19.42,19.88,2
2020-08-20,27597.6,27709.7,27687.9,20.07,19.42,-1
2020-08-21,27985.45,27687.9,27772.45,19.41,20.07,1
2020-08-24,27926.5,27772.45,27776.45,18.71,19.41,1
2020-08-25,27934.4,27776.45,27801.2,18.8,18.71,2
2020-08-26,27932.55,27801.2,27818.6,18.78,18.8,2
2020-08-27,27973.0,27818.6,27935.55,18.39,18.78,3
2020-08-28,28075.0,27935.55,28018.75,17.86,18.39,2
2020-08-31,28162.0,28018.75,26824.15,22.23,17.86,3
2020-09-01,26943.75,26824.15,27142.9,21.22,22.23,0
2020-09-02,27222.95,27142.9,27448.0,20.54,21.22,1
2020-09-03,27564.6,27448.0,27614.2,19.95,20.54,2
2020-09-04,27249.85,27614.2,27105.5,21.56,19.95,-2
2020-09-07,27206.55,27105.5,27016.0,21.42,21.56,-1
2020-09-08,27084.95,27016.0,26832.75,22.11,21.42,-1
2020-09-09,26661.15,26832.75,26788.05,21.63,22.11,-3
2020-09-10,26941.2,26788.05,27048.35,20.69,21.63,2
2020-09-11,27066.9,27048.35,27288.5,20.15,20.69,-1
2020-09-14,27459.2,27288.5,27256.0,20.62,20.15,2
2020-09-15,27361.0,27256.0,27515.8,20.05,20.62,2
2020-09-16,27621.0,27515.8,27646.05,19.13,20.05,3
2020-09-17,27568.5,27646.05,27486.25,19.56,19.13,0
2020-09-18,27624.2,27486.25,27552.85,19.51,19.56,0
2020-09-21,27601.8,27552.85,26671.25,21.59,19.51,-1
2020-09-22,26654.0,26671.25,26357.5,20.84,21.59,-1
2020-09-23,26538.85,26357.5,26290.0,20.43,20.84,1
2020-09-24,26056.25,26290.0,25696.6,22.88,20.43,-3
2020-09-25,25968.6,25696.6,26397.7,20.13,22.88,0
2020-09-28,26660.05,26397.7,26990.9,19.05,20.13,1
2020-09-29,27180.55,26990.9,26866.0,19.24,19.05,2
2020-09-30,26994.5,26866.0,27034.25,19.01,19.24,1
2020-10-01,27246.35,27034.25,27250.95,17.86,19.01,2
2020-10-05,27403.25,27250.95,27321.3,19.17,17.86,1
2020-10-06,27483.7,27321.3,27423.3,19.11,19.17,2
2020-10-07,27457.75,27423.3,27354.95,19.52,19.11,0
2020-10-08,27488.95,27354.95,27489.0,19.83,19.52,3
2020-10-09,27556.3,27489.0,27410.3,19.83,19.83,1
2020-10-12,27486.5,27410.3,27297.35,20.56,19.83,1
2020-10-13,27267.2,27297.35,27183.8,20.16,20.56,1
2020-10-14,27181.7,27183.8,27383.45,19.67,20.16,-1
2020-10-15,27465.0,27383.45,26922.05,21.47,19.67,-1
2020-10-16,27007.45,26922.05,27155.7,21.07,21.47,1
2020-10-19,27298.9,27155.7,27379.75,21.23,21.07,1
2020-10-20,27366.65,27379.75,27435.0,22.08,21.23,0
2020-10-21,27537.95,27435.0,27370.7,22.31,22.08,2
2020-10-22,27345.45,27370.7,27351.3,22.03,22.31,1
2020-10-23,27416.65,27351.3,27432.55,21.24,22.03,2
2020-10-26,27529.2,27432.55,27062.4,22.22,21.24,1
2020-10-27,27117.6,27062.4,27462.15,21.6,22.22,-1
2020-10-28,27560.0,27462.15,27236.2,22.66,21.6,2
2020-10-29,27034.35,27236.2,27357.6,23.38,22.66,-3
2020-10-30,27423.85,27357.6,27348.45,24.09,23.38,1
2020-11-02,27453.35,27348.45,27445.0,24.53,24.09,0
2020-11-03,27595.65,27445.0,27603.55,23.59,24.53,2
2020-11-04,27674.0,27603.55,27788.4,22.58,23.59,2
2020-11-05,27936.95,27788.4,28234.35,20.41,22.58,2
2020-11-06,28282.3,28234.35,28334.85,19.95,20.41,2
2020-11-09,28596.15,28334.85,28746.0,19.57,19.95,2
2020-11-10,28930.6,28746.0,28547.45,21.0,19.57,3
2020-11-11,28663.15,28547.45,28879.8,21.44,21.0,2
2020-11-12,28921.55,28879.8,29050.0,20.07,21.44,2
2020-11-13,29029.75,29050.0,29310.05,19.17,20.07,0
2020-11-17,29608.6,29310.05,29689.1,19.27,19.17,3
2020-11-18,29685.0,29689.1,29790.95,18.61,19.27,1
2020-11-19,29710.5,29790.95,29579.8,19.05,18.61,0
2020-11-20,29638.65,29579.8,29952.9,19.09,19.05,1
2020-11-23,30150.5,29952.9,30220.3,20.24,19.09,1
2020-11-24,30351.95,30220.3,30377.15,20.5,20.24,3
2020-11-25,30518.05,30377.15,29916.3,22.51,20.5,3
2020-11-26,29906.15,29916.3,30186.05,19.48,22.51,0
2020-11-27,30316.45,30186.05,30334.4,19.29,19.48,2
2020-12-01,30656.05,30334.4,30734.7,19.64,19.29,2
2020-12-02,30849.55,30734.7,30992.55,19.38,19.64,3
2020-12-03,31157.95,30992.55,31319.4,18.49,19.38,1
2020-12-04,31434.6,31319.4,31439.1,17.55,18.49,2
2020-12-07,31515.35,31439.1,31724.75,17.54,17.55,2
2020-12-08,31823.2,31724.75,31714.4,18.12,17.54,2
2020-12-09,31893.2,31714.4,31722.2,18.41,18.12,2
2020-12-10,31680.8,31722.2,31850.65,18.21,18.41,0
2020-12-11,31922.4,31850.65,31928.8,18.29,18.21,1
2020-12-14,32066.55,31928.8,32043.45,18.88,18.29,2
2020-12-15,32079.05,32043.45,31972.7,18.83,18.88,1
2020-12-16,32166.1,31972.7,32143.85,18.69,18.83,3
2020-12-17,32211.05,32143.85,32031.75,18.65,18.69,1
2020-12-18,32110.15,32031.75,32082.75,18.12,18.65,2
2020-12-21,32017.0,32082.75,30971.5,22.57,18.12,1
2020-12-22,30903.35,30971.5,31417.3,21.4,22.57,0
2020-12-23,31489.55,31417.3,31949.8,19.95,21.4,1
2020-12-24,32220.5,31949.8,32068.55,19.43,19.95,1
2020-12-28,32261.9,32068.55,32351.05,19.88,19.43,2
2020-12-29,32507.0,32351.05,32331.5,20.23,19.88,3
2020-12-30,32446.1,32331.5,32464.4,20.54,20.23,2
2020-12-31,32514.7,32464.4,32508.55,20.53,20.54,1
2021-01-04,32998.95,32508.55,33281.65,19.49,20.53,2
2021-01-05,33219.8,33281.65,33818.75,19.91,19.49,0
2021-01-06,33951.2,33818.75,33755.5,20.44,19.91,2
2021-01-07,34074.5,33755.5,33889.35,20.07,20.44,2
2021-01-08,34124.1,33889.35,34331.05,20.09,20.07,2
2021-01-11,34566.95,34331.05,34458.6,21.78,20.09,3
2021-01-12,34462.85,34458.6,34363.2,22.24,21.78,0
2021-01-13,34543.05,34363.2,34156.0,22.67,22.24,1
2021-01-14,34264.55,34156.0,34318.45,22.41,22.67,2
2021-01-15,34432.6,34318.45,33780.95,23.37,22.41,2
2021-01-18,33748.8,33780.95,33159.65,23.75,23.37,-1
2021-01-19,33369.85,33159.65,33725.2,22.29,23.75,0
2021-01-20,33809.25,33725.2,33917.4,20.97,22.29,1
2021-01-21,34165.5,33917.4,33614.55,21.59,20.97,3
2021-01-27,33113.9,33080.45,32642.55,23.74,22.63,0
2021-01-28,32367.65,32642.55,32513.45,23.64,23.74,-3
2021-01-29,32784.4,32513.45,31743.25,24.66,23.64,1
2021-02-01,31992.75,31743.25,32661.55,22.69,24.66,-1
2021-02-02,33001.1,32661.55,33327.1,22.72,22.69,3
2021-02-03,33502.25,33327.1,33486.1,23.11,22.72,3
2021-02-04,33606.1,33486.1,34023.95,22.5,23.11,2
2021-02-05,34265.9,34023.95,33790.85,22.79,22.5,3
2021-02-08,33994.05,33790.85,34165.25,23.32,22.79,2
2021-02-09,34303.9,34165.25,34147.3,23.62,23.32,3
2021-02-10,34226.75,34147.3,34281.55,23.31,23.62,1
2021-02-11,34261.15,34281.55,34541.1,22.43,23.31,1
2021-02-12,34653.7,34541.1,34626.75,21.45,22.43,1
2021-02-19,35406.95,35377.15,34906.9,21.65,20.96,0
2021-02-22,34938.25,34906.9,34340.75,24.79,21.65,0
2021-02-23,34520.95,34340.75,34581.3,24.55,24.79,0
2021-02-24,34825.0,34581.3,34766.1,23.52,24.55,0
2021-02-25,34994.75,34766.1,34996.8,22.28,23.52,3
2021-02-26,34624.45,34996.8,34226.35,27.39,22.28,-2
2021-03-01,34491.4,34226.35,34552.05,24.94,27.39,0
2021-03-02,34787.55,34552.05,35151.35,22.98,24.94,2
2021-03-03,35436.1,35151.35,35712.75,21.5,22.98,1
2021-03-04,35440.0,35712.75,35777.45,23.5,21.5,-1
2021-03-05,35618.85,35777.45,35258.45,24.87,23.5,-2
2021-03-08,35454.9,35258.45,35199.25,24.02,24.87,1
2021-03-09,35387.9,35199.25,34927.5,21.9,24.02,-1
2021-03-10,35143.95,34927.5,35138.0,20.19,21.9,3
2021-03-12,35376.75,35138.0,34808.95,21.13,20.19,2
2021-03-15,34946.45,34808.95,34624.1,20.66,21.13,1
2021-03-16,34776.15,34624.1,34786.0,19.65,20.66,1
2021-03-17,34812.1,34786.0,34102.1,19.62,19.65,1
2021-03-18,34324.9,34102.1,33692.85,19.54,19.62,2
2021-03-19,33459.2,33692.85,34075.85,19.45,19.54,-1
2021-03-22,34256.5,34075.85,34412.85,19.94,19.45,2
2021-03-23,34597.5,34412.85,34832.2,20.12,19.94,2
2021-03-24,34668.5,34832.2,34310.0,21.86,20.12,-2
2021-03-25,34388.8,34310.0,33554.2,22.09,21.86,-2
2021-03-26,33826.7,33554.2,33962.55,20.1,22.09,1
2021-03-30,34243.6,33962.55,34079.35,19.94,20.1,1
2021-03-31,34173.8,34079.35,34176.25,20.1,19.94,0
2021-04-01,34365.6,34176.25,34689.55,19.45,20.1,0
2021-04-05,34735.0,34689.55,34370.65,20.65,19.45,1
2021-04-06,34516.8,34370.65,34714.05,20.28,20.65,2
2021-04-07,34793.0,34714.05,35057.25,19.71,20.28,-1
2021-04-08,35179.45,35057.25,35321.15,19.77,19.71,1
2021-04-09,35346.95,35321.15,35358.9,19.26,19.77,0
2021-04-12,34813.95,35358.9,33713.95,22.38,19.26,0
2021-04-13,33800.55,33713.95,34063.5,19.91,22.38,-1
2021-04-15,34082.4,34063.5,34273.25,20.33,19.91,0
2021-04-16,34385.5,34273.25,34640.7,19.85,20.33,2
2021-04-19,33913.95,34640.7,34047.25,21.89,19.85,-1
2021-04-20,34418.95,34047.25,34199.4,21.83,21.89,-1
2021-04-22,34132.45,34199.4,34242.85,22.41,21.83,0
2021-04-23,34196.8,34242.85,34284.85,22.08,22.41,-1
2021-04-26,34520.55,34284.85,34457.65,22.87,22.08,1
2021-04-27,34605.95,34457.65,34724.65,22.46,22.87,0
2021-04-28,34952.5,34724.65,34938.15,21.97,22.46,0
2021-04-29,35160.15,34938.15,34926.2,22.68,21.97,1
2021-04-30,34746.35,34926.2,34759.2,22.41,22.68,0
2021-05-03,34526.25,34759.2,35059.55,23.05,22.41,-3
2021-05-04,35298.0,35059.55,34921.45,22.39,23.05,0
2021-05-07,35933.95,35697.7,35816.95,20.26,21.45,3
2021-05-10,35987.05,35816.95,36190.15,19.69,20.26,1
2021-05-14,36486.95,36308.65,35790.8,19.73,19.54,1
2021-05-17,35988.3,35790.8,36242.35,19.08,19.73,1
2021-05-18,36609.9,36242.35,36726.15,18.72,19.08,0
2021-05-19,36815.6,36726.15,36967.3,18.8,18.72,-1
2021-05-24,37241.0,37104.85,37371.2,18.62,18.57,1
2021-05-27,37363.3,37192.85,37366.5,19.38,20.31,1
2021-05-28,37533.0,37366.5,37394.45,16.93,19.38,1
2021-06-02,37714.4,37688.1,38379.95,16.75,16.92,0
2021-06-03,38587.9,38379.95,38736.35,15.33,16.75,1
2021-06-04,38872.15,38736.35,38914.5,15.51,15.33,2
2021-06-07,39084.3,38914.5,38948.05,15.15,15.51,3
2021-06-08,39053.5,38948.05,39096.75,14.82,15.15,0
2021-06-09,39200.2,39096.75,38734.85,14.35,14.82,1
2021-06-10,38943.2,38734.85,39207.65,14.6,14.35,1
2021-06-11,39347.45,39207.65,39294.85,13.72,14.6,2
2021-06-14,39046.65,39294.85,39121.95,14.33,13.72,-1
2021-06-15,39246.9,39121.95,39248.75,14.22,14.33,1
2021-06-16,39168.1,39248.75,38883.1,14.47,14.22,0
2021-06-17,38496.3,38883.1,38519.3,14.88,14.47,-2
2021-06-18,38478.5,38519.3,38315.15,14.4,14.88,0
2021-06-21,37872.85,38315.15,38648.95,14.66,14.4,-1
2021-06-22,38888.15,38648.95,38839.05,14.34,14.66,1
2021-06-23,39048.75,38839.05,38525.0,14.96,14.34,1
2021-06-24,38557.2,38525.0,38340.9,14.69,14.96,1
2021-06-25,38436.5,38340.9,38603.45,13.01,14.69,0
2021-06-28,38724.9,38603.45,38754.35,13.04,13.01,1
2021-06-29,38779.3,38754.35,38678.15,12.65,13.04,-1
2021-06-30,38759.15,38678.15,38513.25,12.7,12.65,0
2021-07-01,38588.3,38513.25,38642.25,12.5,12.7,-1
2021-07-02,38681.8,38642.25,38533.85,11.77,12.5,0
2021-07-07,38765.2,38772.75,38936.35,11.88,11.95,0
2021-07-08,39008.55,38936.35,38855.55,13.2,11.88,0
2021-07-09,38871.45,38855.55,38919.95,12.59,13.2,-1
2021-07-12,39091.8,38919.95,38949.35,12.64,12.59,1
2021-07-13,39116.05,38949.35,38873.5,12.28,12.64,1
2021-07-14,38965.4,38873.5,38874.0,12.25,12.28,0
2021-07-15,38987.2,38874.0,39001.85,11.94,12.25,-1
2021-07-16,39082.75,39001.85,39188.15,11.4,11.94,0
2021-07-19,39020.35,39188.15,38934.75,12.34,11.4,-2
2021-07-20,38914.4,38934.75,38676.2,12.86,12.34,-2
2021-07-22,39001.55,38676.2,39359.75,11.57,12.86,1
2021-07-23,39444.3,39359.75,39312.35,11.44,11.57,0
2021-07-26,39371.8,39312.35,39351.3,12.12,11.44,1
2021-07-27,39454.65,39351.3,39105.4,12.88,12.12,-1
2021-07-28,39213.2,39105.4,39174.85,13.32,12.88,-1
2021-07-29,39346.15,39174.85,39196.25,12.6,13.32,0
2021-07-30,39347.0,39196.25,39363.65,12.46,12.6,1
2021-08-02,39607.6,39363.65,39721.35,12.47,12.46,-1
2021-08-03,39904.75,39721.35,40053.1,13.38,12.47,0
2021-08-04,40209.25,40053.1,39765.85,12.86,13.38,3
2021-08-05,39861.35,39765.85,39678.85,12.52,12.86,1
2021-08-06,39757.75,39678.85,39762.9,12.27,12.52,1
2021-08-09,39931.7,39762.9,39579.7,12.27,12.27,1
2021-08-10,39698.05,39579.7,39420.4,12.37,12.27,0
2021-08-11,39436.6,39420.4,39331.15,12.37,12.37,0
2021-08-12,39389.6,39331.15,39451.8,12.04,12.37,0
2021-08-13,39529.3,39451.8,39500.85,12.64,12.04,0
2021-08-16,39543.8,39500.85,39548.05,13.1,12.64,0
2021-08-17,39568.8,39548.05,39755.2,13.05,13.1,-1
2021-08-18,39827.55,39755.2,39973.65,12.56,13.05,-1
2021-08-20,39660.4,39973.65,39381.85,13.64,12.56,-1
2021-08-23,39697.75,39381.85,39220.15,13.32,13.64,1
2021-08-24,39460.35,39220.15,39601.8,12.84,13.32,1
2021-08-25,39777.2,39601.8,39784.95,13.14,12.84,0
2021-08-26,39932.5,39784.95,39904.05,13.18,13.14,0
2021-08-27,40090.35,39904.05,40403.9,13.05,13.18,-1
2021-08-30,40594.9,40403.9,41028.5,12.96,13.05,2
2021-08-31,41104.45,41028.5,41585.45,14.13,12.96,1
2021-09-01,41790.1,41585.45,41887.55,13.81,14.13,2
2021-09-02,41950.0,41887.55,42315.65,13.86,13.81,0
2021-09-03,42521.7,42315.65,42559.1,14.15,13.86,1
2021-09-06,42788.0,42559.1,42503.5,14.7,14.15,1
2021-09-07,42626.95,42503.5,42357.7,14.5,14.7,0
2021-09-08,42420.25,42357.7,42588.85,14.02,14.5,0
2021-09-09,42578.2,42588.85,42774.5,13.57,14.02,0
2021-09-13,42814.35,42774.5,42907.5,13.65,13.57,-1
2021-09-14,43082.0,42907.5,43041.95,13.22,13.65,2
2021-09-15,43187.05,43041.95,43212.1,13.36,13.22,1
2021-09-16,43406.0,43212.1,43514.6,14.02,13.36,2
2021-09-17,43573.5,43514.6,43157.25,14.82,14.02,1
2021-09-20,42797.65,43157.25,42354.55,17.02,14.82,-1
2021-09-21,42296.4,42354.55,42725.15,16.08,17.02,-1
2021-09-22,42807.6,42725.15,42957.55,16.05,16.08,1
2021-09-23,43212.1,42957.55,43437.7,16.15,16.05,1
2021-09-24,43596.05,43437.7,43071.65,16.47,16.15,2
2021-09-27,43223.55,43071.65,42949.75,17.57,16.47,1
2021-09-28,43043.7,42949.75,42640.7,18.04,17.57,0
2021-09-29,42426.45,42640.7,42411.05,18.33,18.04,-3
2021-09-30,42519.7,42411.05,42383.85,17.91,18.33,-1
2021-10-01,42343.9,42383.85,42513.65,16.75,17.91,-2
2021-10-04,42772.35,42513.65,43159.55,16.29,16.75,2
2021-10-05,43198.45,43159.55,43332.25,15.96,16.29,-1
2021-10-06,43546.5,43332.25,42919.3,16.87,15.96,1
2021-10-07,43308.5,42919.3,43371.05,15.73,16.87,1
2021-10-08,43580.6,43371.05,43270.7,15.23,15.73,1
2021-10-11,43440.5,43270.7,43465.15,15.66,15.23,1
2021-10-12,43596.15,43465.15,43792.85,15.42,15.66,-1
2021-10-13,44052.85,43792.85,44217.25,15.67,15.42,1
2021-10-14,44444.35,44217.25,44597.4,15.35,15.67,1
2021-10-18,45216.55,44597.4,44708.1,16.72,15.35,3
2021-10-19,45138.85,44708.1,44085.45,16.91,16.72,1
2021-10-20,44097.2,44085.45,43322.7,17.82,16.91,1
2021-10-21,43628.85,43322.7,43002.4,17.56,17.82,0
2021-10-22,43114.95,43002.4,42403.8,17.08,17.56,-1
2021-10-25,42592.6,42403.8,42032.6,17.14,17.08,0
2021-10-26,42094.05,42032.6,42528.95,16.3,17.14,-1
2021-10-27,42666.45,42528.95,42748.65,16.38,16.3,0
2021-10-28,42727.2,42748.65,41842.65,17.43,16.38,-2
2021-10-29,41899.6,41842.65,42087.0,16.96,17.43,0
2021-11-01,42401.6,42087.0,42610.85,16.78,16.96,0
2021-11-02,42678.85,42610.85,42629.65,16.6,16.78,0
2021-11-03,42781.0,42629.65,42872.5,15.7,16.6,1
2021-11-04,43165.85,42872.5,43099.35,15.33,15.7,2
2021-11-08,43388.45,43099.35,43660.85,15.9,15.33,1
2021-11-09,43736.85,43660.85,43822.0,15.57,15.9,0
2021-11-10,43669.95,43822.0,43898.45,15.87,15.57,-2
2021-11-11,43902.0,43898.45,43710.05,15.91,15.87,-1
2021-11-12,44024.75,43710.05,44242.55,14.81,15.91,0
2021-11-15,44490.55,44242.55,44362.15,15.06,14.81,2
2021-11-16,44421.2,44362.15,44290.2,14.79,15.06,0
2021-11-17,44194.2,44290.2,44241.45,14.58,14.79,0
2021-11-18,44313.0,44241.45,43615.45,14.46,14.58,0
2021-11-22,43777.15,43615.45,42804.4,17.05,14.46,0
2021-11-23,42644.15,42804.4,43448.05,17.54,17.05,-2
2021-11-24,43557.25,43448.05,43216.0,16.64,17.54,-1
2021-11-25,43287.75,43216.0,43588.7,16.21,16.64,-1
2021-11-26,43189.8,43588.7,42271.35,20.24,16.21,-2
2021-11-29,42060.1,42271.35,41883.7,20.27,20.24,-3
2021-11-30,41852.1,41883.7,41782.35,20.6,20.27,0
2021-12-01,41923.4,41782.35,42022.55,18.93,20.6,-1
2021-12-02,42131.0,42022.55,42438.7,17.6,18.93,-2
2021-12-03,42540.05,42438.7,42353.65,17.96,17.6,1
2021-12-06,42460.65,42353.65,41536.7,19.54,17.96,-2
2021-12-07,41867.5,41536.7,42165.65,17.96,19.54,1
2021-12-08,42356.75,42165.65,42711.85,16.81,17.96,1
2021-12-09,42825.0,42711.85,42801.9,16.15,16.81,0
2021-12-10,42772.75,42801.9,42968.05,15.63,16.15,-2
2021-12-13,43338.05,42968.05,42760.1,16.13,15.63,1
2021-12-14,42673.65,42760.1,42900.0,16.5,16.13,-2
2021-12-15,42910.1,42900.0,42545.75,16.76,16.5,-1
2021-12-16,42812.55,42545.75,42399.0,15.47,16.76,1
2021-12-17,42341.1,42399.0,41353.6,15.9,15.47,-2
2021-12-20,40957.55,41353.6,40183.85,18.46,15.9,-3
2021-12-21,40481.35,40183.85,40941.75,17.07,18.46,-1
2021-12-22,41187.5,40941.75,41503.5,16.14,17.07,1
2021-12-23,41787.3,41503.5,41947.0,15.41,16.14,2
2021-12-24,42067.8,41947.0,41509.05,15.72,15.41,1
2021-12-27,41459.65,41509.05,41618.65,16.66,15.72,1
2021-12-28,41833.2,41618.65,41993.6,16.04,16.66,1
2021-12-29,42002.05,41993.6,41898.1,15.8,16.04,0
2021-12-30,41849.8,41898.1,41577.5,16.13,15.8,0
2021-12-31,41641.05,41577.5,42217.9,15.78,16.13,0
2022-01-03,42323.5,42217.9,42549.7,16.01,15.78,0
2022-01-04,42746.8,42549.7,42556.35,15.69,16.01,2
2022-01-05,42574.4,42556.35,42760.4,16.77,15.69,1
2022-01-06,42531.05,42760.4,42649.6,17.5,16.77,-2
2022-01-07,42739.05,42649.6,42826.35,17.13,17.5,-1
2022-01-10,42916.6,42826.35,42994.3,17.21,17.13,0
2022-01-11,43009.35,42994.3,42975.3,17.28,17.21,0
2022-01-12,43240.85,42975.3,43295.75,16.72,17.28,2
2022-01-13,43446.45,43295.75,43488.75,16.25,16.72,0
2022-01-14,43353.05,43488.75,43551.75,16.12,16.25,-3
2022-01-17,43605.05,43551.75,43713.25,16.32,16.12,-1
2022-01-18,43863.05,43713.25,42958.55,17.3,16.32,1
2022-01-19,43008.45,42958.55,42928.2,17.34,17.3,-2
2022-01-20,42990.85,42928.2,42895.85,17.31,17.34,-2
2022-01-21,42662.75,42895.85,42182.2,18.38,17.31,-3
2022-01-24,42198.75,42182.2,40616.05,22.22,18.38,-2
2022-01-25,40223.1,40616.05,40998.75,20.79,22.22,-2
2022-01-27,40665.05,40998.75,40299.3,20.5,20.79,-2
2022-01-28,40591.65,40299.3,40633.2,20.14,20.5,-1
2022-01-31,41115.65,40633.2,41097.25,21.36,20.14,1
2022-02-01,41427.55,41097.25,41810.6,19.44,21.36,1
2022-02-02,42000.45,41810.6,42249.1,18.15,19.44,2
2022-02-03,42198.0,42249.1,42030.15,18.65,18.15,1
2022-02-04,42117.8,42030.15,41998.0,18.39,18.65,-2
2022-02-07,42100.0,41998.0,41716.9,19.89,18.39,0
2022-02-08,41844.65,41716.9,41522.1,19.15,19.89,0
2022-02-09,41736.9,41522.1,41991.9,18.06,19.15,1
2022-02-10,42117.9,41991.9,42165.35,17.23,18.06,2
2022-02-11,41920.0,42165.35,41553.05,18.18,17.23,-3
2022-02-14,40661.8,41553.05,40164.8,22.36,18.18,-2
2022-02-15,40317.15,40164.8,41138.8,20.06,22.36,0
2022-02-16,41412.6,41138.8,41058.2,20.04,20.06,1
2022-02-17,41265.2,41058.2,41145.65,21.42,20.04,0
2022-02-18,41002.65,41145.65,40709.15,21.58,21.42,-3
2022-02-21,40537.95,40709.15,40177.45,22.29,21.58,-3
2022-02-22,39289.15,40177.45,40096.95,25.94,22.29,-3
2022-02-23,40318.3,40096.95,40434.2,23.88,25.94,-1
2022-02-24,39060.05,40434.2,38165.2,31.12,23.88,-3
2022-02-25,38873.35,38165.2,39609.4,26.02,31.12,1
2022-02-28,39328.3,39609.4,40052.1,27.8,26.02,-1
2022-03-02,39798.85,40052.1,40063.9,28.45,27.8,-3
2022-03-03,40599.8,40063.9,40010.5,27.4,28.45,1
2022-03-04,39779.8,40010.5,39042.3,27.21,27.4,-3
2022-03-07,38404.15,39042.3,38014.9,28.54,27.21,-3
2022-03-08,38087.65,38014.9,38587.85,27.82,28.54,-2
2022-03-09,38905.35,38587.85,39132.9,26.73,27.82,-1
2022-03-10,39959.5,39132.9,39890.8,24.89,26.73,1
2022-03-11,39813.5,39890.8,40087.1,24.67,24.89,-1
2022-03-14,40121.45,40087.1,39939.85,24.99,24.67,-2
2022-03-15,40028.3,39939.85,39567.35,26.01,24.99,-1
2022-03-16,40015.35,39567.35,40462.0,23.47,26.01,1
2022-03-17,40906.6,40462.0,41059.0,22.0,23.47,2
2022-03-21,41183.6,41059.0,40504.25,23.96,22.0,3
2022-03-22,40554.35,40504.25,40572.85,23.42,23.96,-1
2022-03-23,40838.95,40572.85,40660.95,24.09,23.42,2
2022-03-24,40505.1,40660.95,40738.0,23.29,24.09,-2
2022-03-25,40959.2,40738.0,40754.55,22.8,23.29,1
2022-03-28,40903.2,40754.55,40614.8,22.0,22.8,1
2022-03-29,40828.15,40614.8,40811.95,20.73,22.0,2
2022-03-30,41106.75,40811.95,41054.7,20.06,20.73,2
2022-03-31,41177.0,41054.7,41115.4,20.01,20.06,0
2022-04-01,41236.35,41115.4,41754.1,17.94,20.01,0
2022-04-04,41912.0,41754.1,42403.9,17.43,17.94,2
2022-04-05,42628.2,42403.9,42753.25,17.99,17.43,3
2022-04-06,42636.05,42753.25,42910.45,18.51,17.99,-1
2022-04-07,42977.7,42910.45,42784.3,18.49,18.51,-2
2022-04-08,43113.85,42784.3,43445.9,17.22,18.49,0
2022-04-11,43580.55,43445.9,43878.15,17.78,17.22,1
2022-04-12,43982.0,43878.15,43382.2,17.67,17.78,-2
2022-04-13,43625.25,43382.2,43443.9,17.31,17.67,0
2022-04-18,43185.5,43443.9,43289.4,18.82,17.31,-3
2022-04-19,43631.7,43289.4,42500.45,19.24,18.82,0
2022-04-20,42780.45,42500.45,42713.0,18.17,19.24,1
2022-04-21,43037.95,42713.0,43256.15,17.37,18.17,0
2022-04-22,43075.5,43256.15,42934.55,17.86,17.37,-2
2022-04-25,42498.75,42934.55,42084.35,20.69,17.86,-3
2022-04-26,42505.35,42084.35,43072.25,18.68,20.69,1
2022-04-27,42830.65,43072.25,42504.75,20.06,18.68,-3
2022-04-28,42941.85,42504.75,43086.1,18.86,20.06,0
2022-04-29,43309.7,43086.1,42533.95,18.9,18.86,2
2022-05-02,42268.7,42533.95,42381.15,19.74,18.9,-3
2022-05-04,42523.35,42381.15,41162.35,21.29,19.74,0
2022-05-05,41603.7,41162.35,41225.65,19.75,21.29,1
2022-05-06,40511.05,41225.65,40354.25,20.68,19.75,-3
2022-05-09,40028.25,40354.25,39574.65,21.44,20.68,-3
2022-05-10,39543.75,39574.65,38690.15,21.7,21.44,-2
2022-05-11,38857.8,38690.15,38645.7,22.19,21.7,0
2022-05-12,38462.05,38645.7,37675.85,23.62,22.19,-3
2022-05-13,38171.25,37675.85,37507.5,22.86,23.62,0
2022-05-16,37858.45,37507.5,38074.05,23.87,22.86,1
2022-05-17,38480.05,38074.05,39047.75,22.13,23.87,0
2022-05-18,39311.0,39047.75,39069.0,21.7,22.13,1
2022-05-19,38119.35,39069.0,38000.0,23.9,21.7,-3
2022-05-20,38611.95,38000.0,38569.15,22.48,23.9,-1
2022-05-23,38663.35,38569.15,38234.15,22.77,22.48,-1
2022-05-24,38381.9,38234.15,37912.45,24.95,22.77,1
2022-05-25,38068.95,37912.45,37268.3,24.6,24.95,-1
2022-05-26,37460.65,37268.3,37784.1,22.11,24.6,1
2022-05-27,38105.1,37784.1,38039.6,20.9,22.11,1
2022-05-30,38418.55,38039.6,38945.8,19.44,20.9,1
2022-05-31,38872.55,38945.8,38981.8,19.93,19.44,1
2022-06-01,38955.9,38981.8,38615.7,20.29,19.93,-2
2022-06-02,38574.65,38615.7,38818.5,19.77,20.29,-2
2022-06-03,39095.15,38818.5,38257.55,19.44,19.77,2
2022-06-06,38179.0,38257.55,38146.2,19.66,19.44,-2
2022-06-07,37934.0,38146.2,37826.1,19.88,19.66,-2
2022-06-08,37965.9,37826.1,37707.95,19.31,19.88,1
2022-06-09,37540.8,37707.95,38002.95,18.63,19.31,-3
2022-06-10,37654.4,38002.95,37657.15,19.05,18.63,-3
2022-06-13,37019.6,37657.15,36842.0,21.77,19.05,-3
2022-06-14,36859.9,36842.0,36955.45,21.3,21.77,-2
2022-06-15,37192.85,36955.45,37036.1,21.56,21.3,0
2022-06-16,37438.0,37036.1,36268.7,22.26,21.56,1
2022-06-17,36037.1,36268.7,35668.2,22.15,22.26,-3
2022-06-20,35805.95,35668.2,35405.4,21.81,22.15,0
2022-06-21,35729.65,35405.4,36381.05,20.57,21.81,0
2022-06-22,36232.65,36381.05,35716.25,20.73,20.57,-1
2022-06-23,35811.7,35716.25,36141.1,20.32,20.73,-1
2022-06-24,36419.9,36141.1,36616.3,20.0,20.32,1
2022-06-27,37066.25,36616.3,36882.45,20.45,20.0,1
2022-06-28,36772.1,36882.45,36937.25,20.87,20.45,-1
2022-06-29,36566.0,36937.25,36679.25,21.31,20.87,-3
2022-06-30,36712.15,36679.25,36505.4,21.25,21.31,0
2022-07-01,36477.95,36505.4,36901.2,20.68,21.25,-2
2022-07-04,36937.15,36901.2,37273.9,20.41,20.68,0
2022-07-05,37439.8,37273.9,37306.0,20.23,20.41,1
2022-07-06,37318.9,37306.0,37937.65,19.73,20.23,1
2022-07-07,38230.4,37937.65,38264.4,18.69,19.73,1
2022-07-08,38499.75,38264.4,38374.65,17.91,18.69,2
2022-07-11,38292.05,38374.65,38979.6,17.88,17.91,0
2022-07-12,38854.35,38979.6,38849.25,18.05,17.88,-2
2022-07-13,39047.75,38849.25,38835.75,18.02,18.05,-1
2022-07-14,39010.35,38835.75,38791.35,17.85,18.02,0
2022-07-15,38960.75,38791.35,38944.35,17.13,17.85,1
2022-07-18,39228.45,38944.35,39466.75,16.7,17.13,1
2022-07-19,39347.7,39466.75,39657.7,16.74,16.7,-2
2022-07-20,40022.7,39657.7,39730.55,16.37,16.74,2
2022-07-21,39761.95,39730.55,40314.4,16.41,16.37,2
2022-07-22,40472.7,40314.4,40165.0,16.2,16.41,3
2022-07-25,40213.25,40165.0,40122.5,17.21,16.2,-1
2022-07-26,40164.1,40122.5,39613.1,17.68,17.21,0
2022-07-27,39579.65,39613.1,39938.85,17.64,17.68,-2
2022-07-28,40112.15,39938.85,40397.6,16.55,17.64,2
2022-07-29,40675.1,40397.6,40906.15,16.11,16.55,3
2022-08-01,41124.95,40906.15,41499.75,17.02,16.11,3
2022-08-02,41536.9,41499.75,41674.05,18.03,17.02,1
2022-08-03,41666.4,41674.05,41514.1,17.96,18.03,-1
2022-08-04,41719.5,41514.1,41724.9,18.74,17.96,2
2022-08-05,41899.05,41724.9,41684.25,18.41,18.74,2
2022-08-08,41766.85,41684.25,41894.15,18.78,18.41,1
2022-08-10,42026.3,41894.15,41748.85,19.06,18.78,2
2022-08-11,42038.0,41748.85,42095.3,17.87,19.06,3
2022-08-12,42132.0,42095.3,42211.4,17.14,17.87,1
2022-08-16,42428.3,42211.4,42877.5,17.21,17.14,2
2022-08-17,43035.85,42877.5,43313.05,17.21,17.21,2
2022-08-18,43299.65,43313.05,43576.9,16.88,17.21,0
2022-08-19,43708.05,43576.9,43133.8,17.8,16.88,0
2022-08-22,43042.0,43133.8,42337.5,18.53,17.8,0
2022-08-23,41959.95,42337.5,42543.55,18.54,18.53,-2
2022-08-24,42533.05,42543.55,42797.25,17.94,18.54,0
2022-08-25,42999.65,42797.25,42808.5,19.05,17.94,1
2022-08-26,43082.1,42808.5,43030.6,17.73,19.05,2
2022-08-29,41917.25,43030.6,42773.6,19.29,17.73,-2
2022-08-30,43101.25,42773.6,43709.15,18.2,19.29,0
2022-09-01,43403.9,43709.15,43713.8,19.34,18.2,-1
2022-09-02,43964.4,43713.8,43633.55,19.03,19.34,0
2022-09-05,43748.15,43633.55,43582.75,19.13,19.03,-1
2022-09-06,43806.9,43582.75,43865.65,19.0,19.13,0
2022-09-07,43767.25,43865.65,44019.45,18.85,19.0,1
2022-09-08,44331.85,44019.45,44137.45,17.82,18.85,2
2022-09-09,44477.65,44137.45,44109.95,17.24,17.82,3
2022-09-12,44268.7,44109.95,44635.65,17.46,17.24,3
2022-09-13,44887.4,44635.65,44928.65,17.0,17.46,3
2022-09-14,44239.25,44928.65,45133.3,17.79,17.0,-1
2022-09-15,45408.75,45133.3,45413.4,17.9,17.79,0
2022-09-16,45275.75,45413.4,44093.35,19.29,17.9,-3
2022-09-19,44255.25,44093.35,44238.35,19.41,19.29,-1
2022-09-20,44654.85,44238.35,44735.7,18.3,19.41,2
2022-09-21,44752.4,44735.7,44021.15,18.81,18.3,0
2022-09-22,43857.0,44021.15,44207.2,18.32,18.81,-2
2022-09-23,44292.55,44207.2,43415.05,20.04,18.32,-2
2022-09-26,43071.8,43415.05,42236.05,21.3,20.04,-3
2022-09-27,42459.4,42236.05,42347.8,20.99,21.3,-1
2022-09-28,42043.8,42347.8,42083.8,21.51,20.99,-2
2022-09-29,42463.85,42083.8,41949.25,20.73,21.51,1
2022-09-30,41913.8,41949.25,42385.45,19.43,20.73,-2
2022-10-03,42422.1,42385.45,41412.25,20.8,19.43,-2
2022-10-04,42209.5,41412.25,42381.4,19.05,20.8,2
2022-10-06,42675.5,42381.4,42717.75,18.8,19.05,2
2022-10-07,42723.3,42717.75,42646.7,18.31,18.8,-1
2022-10-10,42122.8,42646.7,42292.45,19.09,18.31,-3
2022-10-11,42506.55,42292.45,41514.7,19.94,19.09,-1
2022-10-12,41644.1,41514.7,41847.65,19.64,19.94,-1
2022-10-13,41847.45,41847.65,41438.0,19.75,19.64,0
2022-10-14,42108.5,41438.0,41287.8,17.77,19.75,1
2022-10-17,41239.75,41287.8,41555.8,17.93,17.77,-2
2022-10-18,41757.3,41555.8,41984.6,16.98,17.93,2
2022-10-19,42156.7,41984.6,41933.5,17.02,16.98,2
2022-10-20,41793.5,41933.5,42339.8,16.77,17.02,-2
2022-10-21,42433.7,42339.8,41777.55,16.82,16.77,0
2022-10-24,42215.75,41777.55,41912.0,16.95,16.82,2
2022-10-25,41979.4,41912.0,41914.8,16.43,16.95,1
2022-10-27,42169.1,41914.8,42395.3,16.15,16.43,0
2022-10-28,42467.1,42395.3,42189.55,15.49,16.15,0
2022-10-31,42326.4,42189.55,42623.85,15.38,15.49,3
2022-11-01,42765.15,42623.85,43059.05,15.7,15.38,1
2022-11-02,43069.85,43059.05,42968.45,16.21,15.7,1
2022-11-03,42727.3,42968.45,43018.55,15.51,16.21,-1
2022-11-04,43082.55,43018.55,43097.3,15.24,15.51,-1
2022-11-07,43312.5,43097.3,43284.5,15.17,15.24,3
2022-11-09,43454.9,43284.5,43199.7,15.49,15.17,3
2022-11-10,43074.1,43199.7,42778.1,15.15,15.49,-1
2022-11-11,43224.2,42778.1,43189.0,14.02,15.15,2
2022-11-14,43283.85,43189.0,43419.9,14.51,14.02,2
2022-11-15,43530.3,43419.9,43492.6,14.25,14.51,0
2022-11-16,43539.25,43492.6,43173.9,14.69,14.25,1
2022-11-17,43148.75,43173.9,42848.95,14.48,14.69,-1
2022-11-18,42995.75,42848.95,42605.75,14.0,14.48,1
2022-11-21,42571.25,42605.75,42371.55,14.4,14.0,0
2022-11-22,42398.8,42371.55,42473.3,13.47,14.4,-1
2022-11-23,42631.85,42473.3,42554.4,13.66,13.47,2
2022-11-24,42680.4,42554.4,42717.6,13.12,13.66,1
2022-11-25,42850.7,42717.6,42835.4,12.97,13.12,3
2022-11-28,42874.65,42835.4,42929.3,13.21,12.97,0
2022-11-29,42995.9,42929.3,43147.1,13.25,13.21,-1
2022-11-30,43237.45,43147.1,43687.9,13.44,13.25,1
2022-12-01,43927.5,43687.9,43857.45,13.0,13.44,3
2022-12-02,43918.85,43857.45,43920.5,13.09,13.0,-1
2022-12-05,44028.45,43920.5,43845.25,13.36,13.09,0
2022-12-06,43781.2,43845.25,43806.2,13.66,13.36,-2
2022-12-07,43936.7,43806.2,43892.2,13.7,13.66,-1
2022-12-08,44001.45,43892.2,44068.45,13.04,13.7,-1
2022-12-09,44260.45,44068.45,43798.6,13.12,13.04,1
2022-12-12,43798.8,43798.6,43806.9,12.96,13.12,-1
2022-12-13,43964.95,43806.9,43734.35,12.53,12.96,2
2022-12-14,43851.3,43734.35,43937.1,12.54,12.53,1
2022-12-15,43895.9,43937.1,43544.1,13.36,12.54,-1
2022-12-16,43396.95,43544.1,42986.3,13.69,13.36,-2
2022-12-19,43031.7,42986.3,43413.5,13.19,13.69,-2
2022-12-20,43348.7,43413.5,43329.25,13.41,13.19,-1
2022-12-21,43464.1,43329.25,42638.65,15.14,13.41,1
2022-12-22,42775.45,42638.65,42326.35,14.78,15.14,1
2022-12-23,42008.15,42326.35,40753.8,15.73,14.78,-2
2022-12-27,41946.7,40753.8,42139.4,14.88,15.73,2
2022-12-28,42116.6,42139.4,42261.45,14.99,14.88,0
2022-12-29,42089.45,42261.45,42252.55,14.41,14.99,-2
2022-12-30,42542.75,42252.55,42187.65,14.47,14.41,2
2023-01-02,42321.1,42187.65,42248.4,14.3,14.47,0
2023-01-03,42332.65,42248.4,42434.25,14.0,14.3,0
2023-01-04,42454.3,42434.25,41861.25,14.79,14.0,0
2023-01-05,42042.1,41861.25,42150.5,14.58,14.79,1
2023-01-06,42197.35,42150.5,41841.35,14.63,14.58,-2
2023-01-09,42093.3,41841.35,42179.75,14.26,14.63,1
2023-01-10,42250.0,42179.75,42026.3,15.09,14.26,0
2023-01-11,42103.8,42026.3,41889.9,15.03,15.09,0
2023-01-12,41974.9,41889.9,41978.9,14.87,15.03,0
2023-01-13,42052.7,41978.9,42152.45,14.07,14.87,-1
2023-01-16,42201.45,42152.45,42125.15,14.62,14.07,-1
2023-01-17,42186.7,42125.15,42161.5,14.2,14.62,0
2023-01-18,42206.5,42161.5,42165.05,13.98,14.2,0
2023-01-19,42057.3,42165.05,42019.1,13.59,13.98,-1
2023-01-20,42042.75,42019.1,41861.45,13.42,13.59,-1
2023-01-23,41960.9,41861.45,41926.25,13.25,13.42,0
2023-01-24,42037.85,41926.25,41820.65,13.29,13.25,1
2023-01-25,41673.3,41820.65,40768.2,14.27,13.29,-1
2023-01-27,40683.8,40768.2,39250.45,16.86,14.27,0
2023-01-30,38952.2,39250.45,38802.95,17.23,16.86,-2
2023-01-31,38849.45,38802.95,39199.3,16.43,17.23,-2
2023-02-01,39488.2,39199.3,38565.15,16.33,16.43,1
2023-02-02,38293.1,38565.15,38473.9,15.31,16.33,1
2023-02-03,38455.4,38473.9,38464.15,14.01,15.31,0
2023-02-06,38463.6,38464.15,38677.6,14.3,14.01,-1
2023-02-07,38644.65,38677.6,38615.5,13.75,14.3,-2
2023-02-08,38704.8,38615.5,38961.0,13.24,13.75,0
2023-02-09,38894.65,38961.0,38767.25,12.69,13.24,-1
2023-02-10,38683.45,38767.25,38735.4,12.41,12.69,-1
2023-02-13,38674.75,38735.4,38177.1,13.31,12.41,1
2023-02-14,38130.3,38177.1,38134.85,13.09,13.31,2
2023-02-15,38042.45,38134.85,38405.2,12.52,13.09,1
2023-02-16,38488.55,38405.2,38680.1,12.54,12.52,0
2023-02-17,38526.9,38680.1,38439.4,12.74,12.54,-1
2023-02-20,38447.6,38439.4,38319.3,13.02,12.74,0
2023-02-21,38417.6,38319.3,38248.25,13.63,13.02,0
2023-02-22,38074.35,38248.25,37698.0,15.17,13.63,-2
2023-02-23,37709.2,37698.0,37536.3,14.68,15.17,0
2023-02-24,37622.25,37536.3,37504.2,13.81,14.68,0
2023-02-27,37372.5,37504.2,37153.15,13.51,13.81,-3
2023-02-28,37159.6,37153.15,37252.55,13.64,13.51,-1
2023-03-01,37294.15,37252.55,37686.65,12.65,13.64,-1
2023-03-02,37724.25,37686.65,37665.6,12.62,12.65,0
2023-03-03,37921.45,37665.6,38008.05,11.85,12.62,3
2023-03-06,38234.95,38008.05,38310.55,11.94,11.85,2
2023-03-08,38209.8,38310.55,38452.8,12.12,11.94,-1
2023-03-09,38570.3,38452.8,38171.85,12.39,12.12,2
2023-03-10,37935.0,38171.85,38083.2,13.05,12.39,-2
2023-03-13,38101.05,38083.2,37594.95,15.78,13.05,-2
2023-03-14,37611.95,37594.95,37375.55,15.78,15.78,-1
2023-03-15,37586.6,37375.55,37354.0,15.86,15.78,1
2023-03-16,37348.9,37354.0,37579.15,15.78,15.86,-2
2023-03-17,37895.7,37579.15,37787.35,14.37,15.78,2
2023-03-20,37572.15,37787.35,37512.45,15.58,14.37,-3
2023-03-21,37690.25,37512.45,37728.7,14.68,15.58,1
2023-03-22,37895.3,37728.7,37973.0,14.41,14.68,1
2023-03-23,37894.6,37973.0,37818.55,14.1,14.41,-1
2023-03-24,37929.0,37818.55,37528.55,14.83,14.1,0
2023-03-27,37570.9,37528.55,37334.0,15.04,14.83,0
2023-03-28,37319.4,37334.0,36982.3,14.69,15.04,0
2023-03-29,36911.45,36982.3,37279.0,13.26,14.69,1
2023-03-31,37493.0,37279.0,37797.75,12.59,13.26,3
2023-04-03,37987.45,37797.75,37891.35,12.25,12.59,2
2023-04-05,37905.3,37891.35,38094.3,12.08,12.25,-1
2023-04-06,38119.4,38094.3,38187.05,11.48,12.08,0
2023-04-10,38293.7,38187.05,38296.75,11.94,11.48,0
2023-04-11,38467.55,38296.75,38379.65,11.66,11.94,1
2023-04-12,38482.35,38379.65,38560.9,11.94,11.66,0
2023-04-13,38592.0,38560.9,38496.75,11.59,11.94,1
2023-04-17,38498.35,38496.75,38663.5,11.94,11.59,0
2023-04-18,38745.9,38663.5,38806.15,11.76,11.94,0
2023-04-19,38834.5,38806.15,38459.95,11.82,11.76,0
2023-04-20,38513.5,38459.95,38475.65,11.62,11.82,0
2023-04-21,38524.0,38475.65,38426.05,11.32,11.62,-2
2023-04-24,38521.75,38426.05,38572.0,11.36,11.32,-1
2023-04-25,38613.4,38572.0,38738.6,11.21,11.36,0
2023-04-26,38722.9,38738.6,38888.4,11.34,11.21,-1
2023-04-27,38917.5,38888.4,38992.0,11.12,11.34,1
